sample_id,original_label,original_label_name,target_label,target_label_name,counterfactual_found,num_cf_requested,num_cf_returned,reconstruction_mse,changed_feature_count,changed_feature_fraction,dice_proximity_loss,dice_proximity_score,dice_sparsity_loss,dice_sparsity_score,dice_plausibility_distance,dice_plausibility_score,dice_diversity_dpp,dice_diversity_avg_dist,dice_diversity_pair_count,dice_mean_pairwise_distance,error
QUIET_Wind_2024-05-29_15-30,0,quiet,1,icme,True,5,5,81.84621569244972,3,0.15789473684210525,0.5745539690696247,0.6351004917226697,0.15789473684210525,0.8421052631578947,1.112429235506299,0.47338863863069186,0.8388354651362818,0.8936885558000476,10,11.697304229435058,
QUIET_Wind_2012-09-04_01-19,0,quiet,1,icme,True,5,5,149.5946466196424,1,0.05263157894736842,0.16180509388012618,0.8607295709646622,0.05263157894736842,0.9473684210526316,1.119807655215295,0.4717409136341837,0.8001493144870179,0.8988578573562286,10,15.073439204897799,
QUIET_Wind_2015-03-30_04-14,0,quiet,1,icme,True,5,5,0.051704750822957245,1,0.05263157894736842,0.033763450808566534,0.9673392875496245,0.05263157894736842,0.9473684210526316,0.5631832703457272,0.6397202547970152,0.8386931205500553,0.8627916540335159,10,7.145446830437673,
QUIET_Wind_2010-03-23_04-22,0,quiet,1,icme,True,5,5,48095.90214294809,1,0.05263157894736842,0.26003606641799254,0.7936280767286144,0.05263157894736842,0.9473684210526316,0.29815823238923406,0.7703221187139261,0.6973358960692289,0.7981666236686842,10,4.47314510330377,
QUIET_Wind_2002-12-19_14-06,0,quiet,1,icme,True,5,5,0.20535487787523252,1,0.05263157894736842,0.028273727580226095,0.9725036954442462,0.05263157894736842,0.9473684210526316,1.6838115613075793,0.3726044012988714,0.9282955539933903,0.9219370868240526,10,15.440280348737954,
QUIET_Wind_2000-12-01_03-52,0,quiet,1,icme,True,5,5,37000.64988164226,1,0.05263157894736842,0.12540445822427468,0.8885694318093028,0.05263157894736842,0.9473684210526316,0.39978107059446666,0.7143974304319707,0.8457614591088225,0.8567922119221545,10,6.074788887048006,
QUIET_Wind_2019-05-08_18-28,0,quiet,1,icme,True,5,5,0.10580721105756784,1,0.05263157894736842,0.2985106594470776,0.7701130466081909,0.05263157894736842,0.9473684210526316,1.818988112506967,0.35473721778510287,0.6245140358331253,0.8437685373909177,10,9.448535841995943,
QUIET_Wind_2016-07-19_09-05,0,quiet,1,icme,True,5,5,180.86578693412972,1,0.05263157894736842,0.18361645112170194,0.8448682840225054,0.05263157894736842,0.9473684210526316,0.7388175945345804,0.5751034514161703,0.877712022112357,0.9080994049603551,10,13.25027249074896,
QUIET_Wind_2005-02-18_22-53,0,quiet,1,icme,True,5,5,1.1786901456521752,1,0.05263157894736842,0.013714904891878812,0.9864706488720894,0.05263157894736842,0.9473684210526316,0.39014368683890205,0.7193500998979006,0.3969926067232875,0.6780360169060855,10,2.4381624085402427,
QUIET_Wind_2024-11-13_13-22,0,quiet,1,icme,True,5,5,54252.89502917327,1,0.05263157894736842,0.21529537259324996,0.8228452296877891,0.05263157894736842,0.9473684210526316,0.2369375816064065,0.8084482312367803,0.5824320238342438,0.8291503709779198,10,7.9498808400613825,
QUIET_Wind_2013-01-18_21-53,0,quiet,1,icme,True,5,5,1.5997688093770035,1,0.05263157894736842,0.0677507848639801,0.9365481291848353,0.05263157894736842,0.9473684210526316,0.21251253630932807,0.824733740934194,0.7095881356390774,0.7917072175763871,10,3.9778858400287844,
QUIET_Wind_2000-08-10_07-33,0,quiet,1,icme,True,5,5,1.7315990070494642,2,0.10526315789473684,0.11172591170605461,0.8995022869129676,0.10526315789473684,0.8947368421052632,0.474246400962651,0.6783126615381402,0.7272010251394814,0.8513944318523086,10,7.8339650412212904,
QUIET_Wind_2012-02-24_19-59,0,quiet,1,icme,True,5,5,1047.7133371282277,1,0.05263157894736842,0.25058942080697255,0.7996229484771479,0.05263157894736842,0.9473684210526316,1.733867748819144,0.3657821415947922,0.3271075057362928,0.7263421338207019,10,6.734398827810992,
QUIET_Wind_2009-10-31_10-47,0,quiet,1,icme,True,5,5,0.6808076367716293,1,0.05263157894736842,0.0693446729855011,0.9351521780232954,0.05263157894736842,0.9473684210526316,1.3248104916560413,0.43014258735888017,0.8841797593420051,0.8902712735275539,10,9.595186893486357,
QUIET_Wind_2006-02-04_23-29,0,quiet,1,icme,True,5,5,172.15760487486295,2,0.10526315789473684,0.14160036233543227,0.8759632818916132,0.10526315789473684,0.8947368421052632,1.636261078852728,0.37932510100069033,0.9345955315754306,0.9162173280296647,10,12.037849126103842,
QUIET_Wind_2016-04-15_20-27,0,quiet,1,icme,True,5,5,1010.6698090810154,1,0.05263157894736842,0.27342810974467974,0.7852818642432028,0.05263157894736842,0.9473684210526316,1.0048370041158272,0.498793666491117,0.05337207755830423,0.6127574710254715,10,3.37787518769557,
QUIET_Wind_2010-02-06_05-26,0,quiet,1,icme,True,5,5,31.48429034390881,2,0.10526315789473684,0.4063075984803326,0.7110819859613986,0.10526315789473684,0.8947368421052632,1.1291028948120043,0.46968138667074516,0.8398392725319229,0.8685974807485658,10,7.993337986440258,
QUIET_Wind_2020-01-03_12-02,0,quiet,1,icme,True,5,5,775.2193918959902,2,0.10526315789473684,0.5882920487910761,0.6296071309814508,0.10526315789473684,0.8947368421052632,0.6490076695010651,0.6064253177807031,0.007248352833432659,0.7528479973943901,10,10.474021606551142,
QUIET_Wind_2023-09-18_03-34,0,quiet,1,icme,True,5,5,1.210308299489349,1,0.05263157894736842,0.07049615867326602,0.9341462759094471,0.05263157894736842,0.9473684210526316,0.2424954109600865,0.8048319464031595,0.8146432768202384,0.8576856117835095,10,7.076628673363667,
QUIET_Wind_2002-09-28_18-40,0,quiet,1,icme,True,5,5,1.97086056441019,2,0.10526315789473684,0.14192115634188296,0.8757172020557672,0.10526315789473684,0.8947368421052632,0.6969266281313132,0.5893006706490418,0.7931524157109283,0.8572631487792381,10,7.884965862270943,
QUIET_Wind_2023-04-22_11-02,0,quiet,1,icme,True,5,5,0.08670384053487867,2,0.10526315789473684,0.39215547347950386,0.718310575973699,0.10526315789473684,0.8947368421052632,1.4375932083851548,0.4102407229229504,0.8270917066832081,0.8699573431744806,10,9.594916468028257,
QUIET_Wind_2024-03-30_00-16,0,quiet,1,icme,True,5,5,59368.01288756761,1,0.05263157894736842,0.2067845724143815,0.8286483129290647,0.05263157894736842,0.9473684210526316,0.35486274265654777,0.7380821455310296,0.3046166540516772,0.8345598354701131,10,10.230097496792109,
QUIET_Wind_2024-08-25_06-30,0,quiet,1,icme,True,5,5,7.515155885470999,1,0.05263157894736842,0.0320936991399309,0.9689042776187129,0.05263157894736842,0.9473684210526316,0.33942975236604067,0.7465863724719765,0.7343743197313864,0.8334015869585959,10,6.914230800339382,
QUIET_Wind_2000-07-31_08-45,0,quiet,1,icme,True,5,5,505.8733902571605,2,0.10526315789473684,0.4715224100806529,0.6795683118038216,0.10526315789473684,0.8947368421052632,0.7277888376479863,0.5787744301909516,0.24773569694337944,0.6455677005705577,10,2.391521679707089,
QUIET_Wind_1999-08-08_03-20,0,quiet,1,icme,True,5,5,7.8454025624479335,2,0.10526315789473684,0.10994701668176965,0.9009439054032861,0.10526315789473684,0.8947368421052632,1.1490064244752531,0.4653313217731218,0.8573764534167334,0.899336821965094,10,12.63179844454984,
QUIET_Wind_2022-07-06_05-50,0,quiet,1,icme,True,5,5,5.602464278867861,1,0.05263157894736842,0.10588239792102497,0.9042552823699194,0.05263157894736842,0.9473684210526316,0.372104717609182,0.7288073476946029,0.9327423866433026,0.9149353580061224,10,12.323808521565793,
QUIET_Wind_2012-01-20_00-07,0,quiet,1,icme,True,5,5,433.87523351356157,2,0.10526315789473684,0.05445028760057141,0.9483614464893604,0.10526315789473684,0.8947368421052632,0.22225099272515847,0.8181625590422942,0.8507906852253567,0.8658094947542443,10,7.039099835976733,
QUIET_Wind_2004-08-27_19-57,0,quiet,1,icme,True,5,5,91.86273772586806,3,0.15789473684210525,0.6497776206514635,0.6061422991088462,0.15789473684210525,0.8421052631578947,1.391533021362192,0.4181418324846757,0.9675893680355465,0.9486640064953628,10,25.160138433178453,
QUIET_Wind_2006-09-29_06-41,0,quiet,1,icme,True,5,5,17756.40928819776,1,0.05263157894736842,0.1933308262162977,0.8379905873802883,0.05263157894736842,0.9473684210526316,0.6580035029819461,0.6031350345168052,0.17124912575271317,0.7694321270488492,10,5.433669417350925,
QUIET_Wind_2016-04-15_11-01,0,quiet,1,icme,True,5,5,528.503090486877,1,0.05263157894736842,0.23915921554652295,0.8069988000363267,0.05263157894736842,0.9473684210526316,1.2000052710037503,0.4545443654977022,0.3178677761620937,0.7077361653945767,10,6.486233230961005,
QUIET_Wind_1997-11-04_21-25,0,quiet,1,icme,True,5,5,513764.4680385652,3,0.15789473684210525,0.4680348104344689,0.6811827573108074,0.15789473684210525,0.8421052631578947,1.9217100022505245,0.34226531696497037,0.9574860372875189,0.9397055660380198,10,17.951797554657155,
QUIET_Wind_2024-05-11_03-41,0,quiet,1,icme,True,5,5,32.229401543367246,2,0.10526315789473684,0.20427869901224166,0.8303725714157425,0.10526315789473684,0.8947368421052632,0.42966021631987933,0.69946690030595,0.011497952028934232,0.6586653356587171,10,8.191351649961227,
QUIET_Wind_2021-09-16_09-02,0,quiet,1,icme,True,5,5,0.20537245460581735,2,0.10526315789473684,0.03630910301317941,0.9649630569608943,0.10526315789473684,0.8947368421052632,0.39268289499669695,0.7180385453088887,0.8522476404092696,0.8723519016132399,10,8.035770611759457,
QUIET_Wind_2010-04-10_09-28,0,quiet,1,icme,True,5,5,1.9054345933535395,2,0.10526315789473684,0.12331826997155905,0.8902196525525384,0.10526315789473684,0.8947368421052632,0.34433152765572556,0.7438641283254152,0.9071448433719242,0.8945229651719615,10,8.805570728008373,
QUIET_Wind_2000-02-19_03-50,0,quiet,1,icme,True,5,5,5.059467405860872,2,0.10526315789473684,0.11536659523478562,0.8965662090583763,0.10526315789473684,0.8947368421052632,0.864514742320363,0.5363325788218299,0.2179360645589415,0.7596053525232367,10,6.47330722690765,
QUIET_Wind_1998-08-17_17-40,0,quiet,1,icme,True,5,5,1356.017235437904,1,0.05263157894736842,0.24820131001831525,0.8011528204415412,0.05263157894736842,0.9473684210526316,1.8815722128242758,0.347032774521338,0.31634839103367646,0.854579364697829,10,12.099680275950089,
QUIET_Wind_2022-09-14_00-22,0,quiet,1,icme,True,5,5,0.3499648602917477,1,0.05263157894736842,0.09569959741029528,0.9126589097627827,0.05263157894736842,0.9473684210526316,0.6716873297069762,0.5981979896774633,0.9029580698676749,0.8911104611483547,10,8.41742629517374,
QUIET_Wind_2014-06-05_15-30,0,quiet,1,icme,True,5,5,692.2842719830845,2,0.10526315789473684,0.45514471119508737,0.687216874243879,0.10526315789473684,0.8947368421052632,1.590281663980337,0.3860584020285105,0.3721795572104802,0.8388440568803386,10,15.136361644563829,
QUIET_Wind_2006-08-17_08-38,0,quiet,1,icme,True,5,5,2053.4918295919983,2,0.10526315789473684,0.11421967914933433,0.8974890847049687,0.10526315789473684,0.8947368421052632,1.799218512443485,0.35724256450672126,0.865785313080252,0.8773376229191521,10,7.866379927028168,
QUIET_Wind_2012-02-12_08-34,0,quiet,1,icme,True,5,5,1296.064602734187,2,0.10526315789473684,0.33618296253376434,0.7484005020567913,0.10526315789473684,0.8947368421052632,1.7014699215753213,0.370168844751329,0.9182004427845775,0.910516456044223,10,12.23467353869371,
QUIET_Wind_1999-02-11_06-47,0,quiet,1,icme,True,5,5,416.1368158596772,4,0.21052631578947367,0.9585848506098261,0.5105727227945419,0.21052631578947367,0.7894736842105263,0.9011832198256023,0.5259882317348304,0.9382804168160548,0.9326650398801433,10,19.401120836602995,
QUIET_Wind_2021-08-05_14-44,0,quiet,1,icme,True,5,5,496113.33546420507,3,0.15789473684210525,0.42578652271039164,0.701367269273257,0.15789473684210525,0.8421052631578947,0.7945781060186968,0.5572340354795242,0.9802592208216848,0.9539223781302503,10,21.54013626897075,
QUIET_Wind_2009-09-29_05-17,0,quiet,1,icme,True,5,5,16.55922761036624,2,0.10526315789473684,0.5026546944655861,0.6654888868900426,0.10526315789473684,0.8947368421052632,0.6892141727496481,0.5919912442909666,0.45007238190650245,0.8835532306631984,10,20.26449152627798,
QUIET_Wind_2013-01-15_09-48,0,quiet,1,icme,True,5,5,4.268100105518615,1,0.05263157894736842,0.016926913869708553,0.9833548373645686,0.05263157894736842,0.9473684210526316,0.6271951078451794,0.6145544533527111,0.5500154355872772,0.7502736156918262,10,3.684088848888288,
QUIET_Wind_2022-11-06_07-50,0,quiet,1,icme,True,5,5,0.4556598003442165,1,0.05263157894736842,0.07955508408941232,0.9263075268118294,0.05263157894736842,0.9473684210526316,0.4391325600270018,0.6948630221952851,0.827752668409625,0.8578661631562374,10,6.6529309784485005,
QUIET_Wind_2012-04-10_08-20,0,quiet,1,icme,True,5,5,0.31910125268693185,2,0.10526315789473684,0.060614410382626,0.9428497201346162,0.10526315789473684,0.8947368421052632,0.5927308721504005,0.6278524623873623,0.6967965645603413,0.7999074829928462,10,5.072727850474622,
QUIET_Wind_2010-06-19_17-27,0,quiet,1,icme,True,5,5,1.7406281518185003,1,0.05263157894736842,0.05570027856002178,0.9472385489601299,0.05263157894736842,0.9473684210526316,1.4888054723004838,0.40179918082374977,0.8044096861364812,0.8538312200868483,10,7.172980171286663,
QUIET_Wind_2004-12-09_10-59,0,quiet,1,icme,True,5,5,102.12954013706246,1,0.05263157894736842,0.2823180815740144,0.7798377129428951,0.05263157894736842,0.9473684210526316,0.6687977843283311,0.5992337773881253,0.8810733006895796,0.8964709487980091,10,11.307097716712523,
QUIET_Wind_2001-03-18_03-49,0,quiet,1,icme,True,5,5,4519.916288122786,1,0.05263157894736842,0.10113805195435599,0.9081513423545293,0.05263157894736842,0.9473684210526316,1.6507214026689405,0.37725579119447505,0.8885583903245683,0.8919183973184553,10,9.465817657736464,
QUIET_Wind_2001-05-25_13-45,0,quiet,1,icme,True,5,5,0.6328656325088575,1,0.05263157894736842,0.02221622515785878,0.9782666087554734,0.05263157894736842,0.9473684210526316,0.5604824796775169,0.6408274447314886,0.744908262667444,0.813231048264306,10,4.714482675226634,
ICME_Wind_1997-12-30_01-13,1,icme,0,quiet,True,5,5,0.06902488587598783,1,0.05263157894736842,0.046739972382212315,0.9553471027997147,0.05263157894736842,0.9473684210526316,1.8353783637270027,0.3526866159356369,0.8655865663346818,0.8795511520405465,10,8.968883193304245,
ICME_Wind_2025-06-01_12-06,1,icme,0,quiet,True,5,5,2.5651671621156007,1,0.05263157894736842,0.026129412180908872,0.9745359485161097,0.05263157894736842,0.9473684210526316,0.17295498591394384,0.8525476356799996,0.7217931006478259,0.82962835666088,10,6.638172577743852,
ICME_Wind_2024-11-08_09-56,1,icme,0,quiet,True,5,5,0.011298769137599687,1,0.05263157894736842,0.013280178753209023,0.9868938729566884,0.05263157894736842,0.9473684210526316,0.2224773449791651,0.818011069167947,0.8806875271029184,0.8857160425071047,10,8.8309651886827,
ICME_Wind_1999-07-02_00-27,1,icme,0,quiet,True,5,5,1160.7920847755865,2,0.10526315789473684,0.26815009100788173,0.7885501937749613,0.10526315789473684,0.8947368421052632,0.5899680946907992,0.6289434381351343,0.9539271188678341,0.9293738877460174,10,13.887191959051032,
ICME_Wind_2013-06-27_13-51,1,icme,0,quiet,True,5,5,498.1991527612401,2,0.10526315789473684,0.12742150616268164,0.8869797094820584,0.10526315789473684,0.8947368421052632,1.3727768443338721,0.42144713371928477,0.9030969098794894,0.8999825771886066,10,10.302757521963029,
ICME_Wind_2023-11-05_11-54,1,icme,0,quiet,True,5,5,5.444201375825986,1,0.05263157894736842,0.0366714678771595,0.9646257575196379,0.05263157894736842,0.9473684210526316,0.30439373900232125,0.7666396810251942,0.8879827223224469,0.8862900507341879,10,8.496997908702282,
ICME_Wind_2015-12-31_00-19,1,icme,0,quiet,True,5,5,261.2232905622468,1,0.05263157894736842,0.24949965694812648,0.8003203477802279,0.05263157894736842,0.9473684210526316,1.3981511228253145,0.4169878997541564,0.947439291532528,0.9218430510493137,10,12.025830208550085,
ICME_Wind_2015-11-06_17-46,1,icme,0,quiet,True,5,5,2659.0131554673685,1,0.05263157894736842,0.07256899852968199,0.932340950904639,0.05263157894736842,0.9473684210526316,1.4349760171511914,0.4106816629635447,0.8681685654895547,0.8748751702597383,10,7.590818990300505,
ICME_Wind_2011-10-05_06-46,1,icme,0,quiet,True,5,5,3168.101934775437,2,0.10526315789473684,0.2992009752797903,0.7697038556984184,0.10526315789473684,0.8947368421052632,1.4804008318274513,0.4031606453152346,0.6912772427768004,0.8430093078960619,10,9.727565182593866,
ICME_Wind_2024-03-03_09-06,1,icme,0,quiet,True,5,5,0.03527724376226615,1,0.05263157894736842,0.016628343157675928,0.9836436360744893,0.05263157894736842,0.9473684210526316,0.7366205236810631,0.5758310387120898,0.8970871719041539,0.9001240593901095,10,11.777303055358477,
ICME_Wind_2004-09-17_20-52,1,icme,0,quiet,True,5,5,1058.196508741642,1,0.05263157894736842,0.11189630634371413,0.8993644409957017,0.05263157894736842,0.9473684210526316,0.41080299586068797,0.7088161869049125,0.8963242575339344,0.8984648864326046,10,10.536615572801171,
ICME_Wind_2019-05-13_22-56,1,icme,0,quiet,True,5,5,176.10997644338332,2,0.10526315789473684,0.1327631395307333,0.8827970871423899,0.10526315789473684,0.8947368421052632,1.8699719995143396,0.3484354551783855,0.8974670641733391,0.9016994089350301,10,11.098604688831362,
ICME_Wind_1997-07-15_03-10,1,icme,0,quiet,True,5,5,0.40087958934387863,1,0.05263157894736842,0.047869788620476306,0.9543170447890313,0.05263157894736842,0.9473684210526316,0.8300963808656718,0.5464193090896011,0.4953260414133887,0.8552764509258628,10,10.970692492261577,
ICME_Wind_2024-08-04_08-24,1,icme,0,quiet,True,5,5,0.0012530787762143978,1,0.05263157894736842,0.0051159513742211876,0.9949100883661964,0.05263157894736842,0.9473684210526316,0.1642623957670248,0.8589129079799854,0.10538933279559336,0.5861569630633661,10,3.6374963429817426,
ICME_Wind_2002-04-17_11-01,1,icme,0,quiet,True,5,5,5.575124667459924,1,0.05263157894736842,0.01935611076670135,0.9810114340197139,0.05263157894736842,0.9473684210526316,1.3189981890935798,0.4312206903408007,0.5205737914544648,0.750321792463582,10,4.381732204460367,
ICME_Wind_2024-12-17_04-28,1,icme,0,quiet,True,5,5,54.07655223870572,1,0.05263157894736842,0.032138032405258594,0.968862660423078,0.05263157894736842,0.9473684210526316,0.24612254085076082,0.8024892955690165,0.9011387046395739,0.903911418438567,10,12.157510417801463,
ICME_Wind_2015-10-06_21-35,1,icme,0,quiet,True,5,5,5.124930100154285,1,0.05263157894736842,0.15790346961630664,0.8636298501906804,0.05263157894736842,0.9473684210526316,0.39959681167156225,0.7144914818759004,0.9479075936856545,0.9277175103778508,10,14.92514888060511,
ICME_Wind_2004-11-09_18-25,1,icme,0,quiet,True,5,5,698.5035412863834,2,0.10526315789473684,0.38573359925870704,0.721639426607644,0.10526315789473684,0.8947368421052632,0.5671529761632513,0.6380997995793803,0.9552445039747594,0.9347566500493412,10,15.802820888521364,
ICME_Wind_2003-02-01_13-06,1,icme,0,quiet,True,5,5,55667.811271575105,2,0.10526315789473684,0.22441650778984124,0.8167155487025171,0.10526315789473684,0.8947368421052632,1.5158966305158035,0.3974726099120305,0.5024090036867532,0.8270797873643851,10,8.289683271704012,
ICME_Wind_2000-02-20_21-03,1,icme,0,quiet,True,5,5,7.359437884768333,1,0.05263157894736842,0.03791689620740689,0.9634682734755,0.05263157894736842,0.9473684210526316,1.3587183938737095,0.42395904597907763,0.8421337012611796,0.8743618870521629,10,9.563128009451926,
ICME_Wind_2016-04-14_06-57,1,icme,0,quiet,True,5,5,2065.6425223256865,1,0.05263157894736842,0.12847243022154073,0.8861536828185345,0.05263157894736842,0.9473684210526316,0.3092922258963366,0.7637714333142119,0.7941051614233315,0.8594442607559054,10,7.868687209507553,
ICME_Wind_2011-11-01_08-09,1,icme,0,quiet,True,5,5,0.054821377274093606,1,0.05263157894736842,0.09254379305391018,0.9152951180151515,0.05263157894736842,0.9473684210526316,0.6444182052496883,0.6081178113983238,0.8859289091526017,0.8824447559261274,10,7.917472609040738,
ICME_Wind_2013-01-19_16-50,1,icme,0,quiet,True,5,5,328.9008235085052,2,0.10526315789473684,0.3768457133367431,0.7262977908951983,0.10526315789473684,0.8947368421052632,0.6912260416419231,0.5912870162696597,0.9481799192182606,0.9397210475106962,10,20.21211770264622,
ICME_Wind_2016-07-24_15-29,1,icme,0,quiet,True,5,5,0.709205248155253,2,0.10526315789473684,0.05378559683830386,0.9489596394184188,0.10526315789473684,0.8947368421052632,0.3186878688606692,0.7583295665440437,0.6696288431337472,0.8050584502938389,10,4.951493167411979,
ICME_Wind_2024-05-10_21-39,1,icme,0,quiet,True,5,5,0.03924560262115316,2,0.10526315789473684,0.01573457642516877,0.9845091652973497,0.10526315789473684,0.8947368421052632,0.30744936796318373,0.76484797385145,0.8289810821794468,0.8845515403350829,10,10.55671213476667,
ICME_Wind_2018-06-06_12-22,1,icme,0,quiet,True,5,5,4249.365871934543,2,0.10526315789473684,0.10125029716901986,0.908058778799603,0.10526315789473684,0.8947368421052632,0.14872007727997316,0.8705341011953723,0.6641543624399956,0.8039941843172738,10,5.725967994207304,
ICME_Wind_1998-08-10_00-31,1,icme,0,quiet,True,5,5,27375.70554172434,2,0.10526315789473684,0.26168133364314666,0.7925931638478528,0.10526315789473684,0.8947368421052632,0.7576030461842599,0.5689566834621679,0.48266574100678905,0.8622053420589537,10,11.898191902951664,
ICME_Wind_1997-02-09_12-50,1,icme,0,quiet,True,5,5,14491.19241840064,1,0.05263157894736842,0.20037681042156788,0.8330717415715517,0.05263157894736842,0.9473684210526316,1.5333624731136757,0.39473230167925066,0.120683850718519,0.7254242415488363,10,4.592714221948137,
ICME_Wind_2013-09-01_06-14,1,icme,0,quiet,True,5,5,0.8205137294155457,1,0.05263157894736842,0.008702732110466918,0.9913723519988307,0.05263157894736842,0.9473684210526316,0.2788775801545982,0.7819356719656577,0.6223302333060443,0.826590260551942,10,7.442402453567569,
ICME_Wind_2003-10-21_22-00,1,icme,0,quiet,True,5,5,44785.27787719667,2,0.10526315789473684,0.23668325937219367,0.8086144875185367,0.10526315789473684,0.8947368421052632,0.22696518071688787,0.8150190532837474,0.8415526151492988,0.8799144439108146,10,10.455991440701746,
ICME_Wind_2011-11-11_03-01,1,icme,0,quiet,True,5,5,111.64460867466572,1,0.05263157894736842,0.21817026463470554,0.8209033080444395,0.05263157894736842,0.9473684210526316,0.8125518401838484,0.5517083582550496,0.9075503223538668,0.9026459713137059,10,10.448766801463464,
ICME_Wind_2013-12-08_07-31,1,icme,0,quiet,True,5,5,1007.5493625209559,2,0.10526315789473684,0.173539010684872,0.8521233558451581,0.10526315789473684,0.8947368421052632,0.2660182517057013,0.789878027945256,0.8543559501874451,0.8893050403340697,10,10.058144381642405,
ICME_Wind_2022-04-09_13-26,1,icme,0,quiet,True,5,5,1.2301922330661856,1,0.05263157894736842,0.04206895391192983,0.9596293952007658,0.05263157894736842,0.9473684210526316,0.29973694503755083,0.769386454557625,0.6766364330586121,0.7924485194574792,10,4.416419863111217,
ICME_Wind_2012-03-12_08-28,1,icme,0,quiet,True,5,5,78564.11014969567,1,0.05263157894736842,0.23122119002169966,0.8122017457987184,0.05263157894736842,0.9473684210526316,1.9445870127971958,0.3396061979673187,0.03148874844900861,0.7233603025743056,10,7.488572943013892,
ICME_Wind_2001-04-04_14-39,1,icme,0,quiet,True,5,5,1090.5416375388402,1,0.05263157894736842,0.3482613425902638,0.741695966806266,0.05263157894736842,0.9473684210526316,1.6900215046257658,0.37174424006663076,0.4486231205910162,0.8495275699355119,10,11.802520117318684,
ICME_Wind_2021-08-02_08-46,1,icme,0,quiet,True,5,5,2041.420144637125,2,0.10526315789473684,0.4099766492031792,0.7092316036333868,0.10526315789473684,0.8947368421052632,1.4771036764692862,0.4036972733516505,0.4623716592595013,0.8134701863444137,10,7.705608340626701,
ICME_Wind_2012-08-18_03-25,1,icme,0,quiet,True,5,5,2.3701617982815524,1,0.05263157894736842,0.0862396437552664,0.9206071659683446,0.05263157894736842,0.9473684210526316,1.1254113755814632,0.47049715245192153,0.8694100747569213,0.8737452521413657,10,7.3261788375090235,
ICME_Wind_2013-05-14_02-23,1,icme,0,quiet,True,5,5,0.7613522463357899,2,0.10526315789473684,0.32336981476346177,0.7556466747571534,0.10526315789473684,0.8947368421052632,1.472748298605556,0.40440832597637405,0.44936138571529566,0.842378089093982,10,11.255170736556888,
ICME_Wind_2024-04-08_01-48,1,icme,0,quiet,True,5,5,1.148681921869266,1,0.05263157894736842,0.13994260094699273,0.8772371513875022,0.05263157894736842,0.9473684210526316,1.5458646003150236,0.39279386652230475,0.8300752605033482,0.8790000437003758,10,8.910656829343084,
ICME_Wind_2025-06-02_03-56,1,icme,0,quiet,True,5,5,451.84445633321747,2,0.10526315789473684,0.12066076056937038,0.8923306991599611,0.10526315789473684,0.8947368421052632,0.2931495528648536,0.7733057617230678,0.8768103113778802,0.8770709567580068,10,7.5740786693156466,
ICME_Wind_2014-02-19_03-09,1,icme,0,quiet,True,5,5,10.54484058688863,1,0.05263157894736842,0.03636187401849461,0.9649139215460509,0.05263157894736842,0.9473684210526316,1.237677934756605,0.4468918357139591,0.7714023538198089,0.8360905067902153,10,5.976350614307622,
ICME_Wind_2002-05-23_10-44,1,icme,0,quiet,True,5,5,99591.96106920535,5,0.2631578947368421,1.3645435682195317,0.422914601126587,0.2631578947368421,0.736842105263158,1.6137426880825603,0.382593131511962,0.9832676454570912,0.9602629008367779,10,27.855664660100224,
ICME_Wind_2018-07-16_04-50,1,icme,0,quiet,True,5,5,0.009788523817150056,1,0.05263157894736842,0.016765713215509112,0.9835107409724826,0.05263157894736842,0.9473684210526316,0.394478924270214,0.7171137423416705,0.9337591767916646,0.9186135941079739,10,13.016176650456018,
ICME_Wind_2017-11-15_11-47,1,icme,0,quiet,True,5,5,0.0007891437916637649,1,0.05263157894736842,0.0034533069496013357,0.9965585773391896,0.05263157894736842,0.9473684210526316,0.1166738501399399,0.8955166272360382,0.1973322122236471,0.6190412278906586,10,2.136927413918699,
ICME_Wind_2013-12-24_20-36,1,icme,0,quiet,True,5,5,28.02677650562812,1,0.05263157894736842,0.03220098878190629,0.9688035672006994,0.05263157894736842,0.9473684210526316,0.9670830695621909,0.5083669395937446,0.2731549447568048,0.7977545161914503,10,6.576776261341424,
ICME_Wind_2017-09-06_23-02,1,icme,0,quiet,True,5,5,32.11018496541046,1,0.05263157894736842,0.06973193096165757,0.934813639806965,0.05263157894736842,0.9473684210526316,0.21232647507195176,0.824860316558417,0.5251896565263201,0.8420343502994788,10,8.552369424814524,
ICME_Wind_2000-10-28_06-38,1,icme,0,quiet,True,5,5,20.086979899102086,1,0.05263157894736842,0.06507049218020121,0.9389049901786296,0.05263157894736842,0.9473684210526316,1.2283610159381542,0.44876031883863915,0.8821125632753364,0.8892925988388685,10,9.860303886863448,
ICME_Wind_2007-06-08_05-45,1,icme,0,quiet,True,5,5,0.7898564085726111,1,0.05263157894736842,0.25230958737465703,0.798524590150588,0.05263157894736842,0.9473684210526316,0.7441823553039741,0.5733345466768703,0.962918379091981,0.9360413789848999,10,15.293510911065027,
ICME_Wind_2000-08-11_18-49,1,icme,0,quiet,True,5,5,3.7607248973164573,1,0.05263157894736842,0.056720231100355074,0.9463242687789816,0.05263157894736842,0.9473684210526316,0.988843904589929,0.5028046684267993,0.9226407084809752,0.9100147589257919,10,11.307078339858034,
ICME_Wind_2002-05-18_19-45,1,icme,0,quiet,True,5,5,10.701259851281385,1,0.05263157894736842,0.22957544506072208,0.8132888502426261,0.05263157894736842,0.9473684210526316,1.247347957614623,0.4449689228638269,0.8682705581784356,0.9005433410501559,10,13.698570322376133,
