sample_id,original_label,original_label_name,desired_counterfactual_label,desired_counterfactual_label_name,counterfactual_predicted_label,counterfactual_predicted_label_name,counterfactual_found,num_cfs_requested,num_cfs_generated,counterfactual_reconstruction_mse,counterfactual_reconstruction_mae,changed_feature_count,selected_feature_count,changed_feature_fraction,dice_proximity_loss,dice_proximity_score,dice_sparsity_loss,dice_sparsity_score,dice_plausibility_distance,dice_plausibility_score,dice_nearest_train_index,dice_nearest_train_label,dice_diversity_dpp,dice_diversity_avg_dist,dice_diversity_pair_count,dice_mean_pairwise_distance,forecast_lag_min,window_size,top_percent,error
FL_M1.4@9770:Primary_ar5107_s2015-01-27T10:48:00_e2015-01-27T22:36:00,0,FL,1,NF,1,NF,True,5,5,0.000976618769345805,0.014379116147756577,18.0,168,0.10714285714285714,10.23889303713921,0.18981053212883742,0.10714285714285714,0.8928571428571429,15.685508414852567,0.0850508485679034,91,1,0.3715373074674188,0.8309428244749929,10,2932.720921968764,6,12,1.0,
FL_M1.4@9770:Primary_ar5107_s2015-01-27T11:48:00_e2015-01-27T23:36:00,0,FL,1,NF,0,FL,True,5,5,0.001840912690386176,0.020741307735443117,12.0,168,0.07142857142857142,2.4687554125109368,0.46050562748235196,0.07142857142857142,0.9285714285714286,6.931353322803756,0.14662003485699934,1507,0,1.0003597682590273,0.9970711446204021,10,795.8714821623669,6,12,1.0,
FL_M1.4@9770:Primary_ar5107_s2015-01-27T12:48:00_e2015-01-28T00:36:00,0,FL,1,NF,1,NF,True,5,5,0.002305307565256953,0.03314891159534454,12.8,168,0.07619047619047618,41.699262106434034,0.023426305676292336,0.07619047619047618,0.9238095238095237,46.06727645666403,0.021251784280305323,220,1,0.8075572165527031,0.9532469342461594,10,5708.989417580148,6,12,1.0,
FL_M1.4@9770:Primary_ar5107_s2015-01-27T13:48:00_e2015-01-28T01:36:00,0,FL,1,NF,0,FL,True,5,5,0.003263537213206291,0.033036977797746656,23.0,168,0.13690476190476192,3.6972577396871946,0.21289150467134932,0.13690476190476192,0.8630952380952381,6.802908813898382,0.12996682930156805,1514,0,0.2987123730746916,0.6750520995499871,10,2.7269426896893108,6,12,1.0,
FL_M1.4@9770:Primary_ar5107_s2015-01-27T14:48:00_e2015-01-28T02:36:00,0,FL,1,NF,1,NF,True,5,5,0.0021034450270235538,0.024499999731779097,18.0,168,0.10714285714285714,6.537861203086026,0.13267393921585618,0.10714285714285714,0.8928571428571429,12.389387832694494,0.07468761929657769,491,1,0.03382564408943788,0.7623925436413184,10,14.188891434523248,6,12,1.0,
FL_M1.4@9770:Primary_ar5107_s2015-01-27T15:48:00_e2015-01-28T03:36:00,0,FL,1,NF,1,NF,True,5,5,0.0037140451022423804,0.036596464551985265,23.6,168,0.14047619047619048,1.9118318642048018,0.34677545210468597,0.14047619047619048,0.8595238095238095,5.524432007719016,0.15384980195473696,491,1,0.5423171558310076,0.8693896263793246,10,167.32873398758076,6,12,1.0,
FL_M2.1@9785:Primary_ar5107_s2015-01-27T23:48:00_e2015-01-28T11:36:00,0,FL,1,NF,1,NF,True,5,5,0.002661147713661194,0.03092777505517006,17.0,168,0.10119047619047619,6.761398347732111,0.1288428607546726,0.10119047619047619,0.8988095238095237,7.569358557811926,0.116701095515263,655,1,0.2060695614134548,0.5769111019027651,10,1.6027710979186645,6,12,1.0,
FL_M2.1@9785:Primary_ar5107_s2015-01-28T00:48:00_e2015-01-28T12:36:00,0,FL,1,NF,1,NF,True,5,5,0.0016291546868160366,0.021782426908612252,17.0,168,0.10119047619047619,0.5957792998951577,0.6414061200586836,0.10119047619047619,0.898809523809524,1.2492848839677202,0.4485904216202837,724,1,0.3503867379455099,0.7621381974864787,10,37.45085820253132,6,12,1.0,
FL_M2.1@9785:Primary_ar5107_s2015-01-28T01:48:00_e2015-01-28T13:36:00,0,FL,1,NF,0,FL,True,5,5,0.0013438684633001684,0.021556572429835795,15.6,168,0.09285714285714286,22.474063186810902,0.2137477628010341,0.09285714285714286,0.9071428571428571,23.233177002562723,0.1463883654942698,214,0,0.7285923102945048,0.9471441978426228,10,4084.302407301437,6,12,1.0,
FL_M2.1@9785:Primary_ar5107_s2015-01-28T02:48:00_e2015-01-28T14:36:00,0,FL,1,NF,1,NF,True,5,5,0.0005866271210834384,0.010001798532903195,8.0,168,0.047619047619047616,0.06601646171201783,0.938083881539774,0.047619047619047616,0.9523809523809523,1.1118637967063818,0.4735158128680281,654,1,0.03177925818362035,0.41028901271406215,10,0.850848994532635,6,12,1.0,
FL_M2.1@9785:Primary_ar5107_s2015-01-28T03:48:00_e2015-01-28T15:36:00,0,FL,1,NF,0,FL,True,5,5,0.0018712930381298066,0.02226792313158512,22.8,168,0.13571428571428573,3.7696435266031942,0.2388372209784698,0.13571428571428573,0.8642857142857142,4.418410201967143,0.20528575911564334,1616,0,0.6018022161664847,0.9301920378724827,10,770.156311154079,6,12,1.0,
FL_M2.1@9785:Primary_ar5107_s2015-01-28T04:48:00_e2015-01-28T16:36:00,0,FL,1,NF,1,NF,True,5,5,0.0026054115500301124,0.03291522301733494,18.0,168,0.10714285714285714,1.738664590467033,0.36515176206641237,0.10714285714285714,0.8928571428571429,2.565022799871729,0.28050391257443436,420,1,0.5030057632427523,0.7327561037725474,10,3.4133999749334762,6,12,1.0,
FL_M2.1@9785:Primary_ar5107_s2015-01-28T05:48:00_e2015-01-28T17:36:00,0,FL,1,NF,1,NF,True,5,5,0.0020550798159092664,0.02266802042722702,26.0,168,0.15476190476190474,0.4182687368889312,0.7112334658916553,0.15476190476190474,0.8452380952380952,0.9306255199779976,0.5205391691812596,223,1,0.7065378669902544,0.88017742285094,10,66.73485207685324,6,12,1.0,
FL_M2.1@9785:Primary_ar5107_s2015-01-28T06:48:00_e2015-01-28T18:36:00,0,FL,1,NF,1,NF,True,5,5,0.001224144868319854,0.01685201656073332,15.0,168,0.08928571428571429,2.3023719021344915,0.5233152899851461,0.08928571428571429,0.9107142857142858,3.070431758448634,0.34773853211242384,371,1,0.5827678672296002,0.9092099427139609,10,587.4109011340704,6,12,1.0,
FL_M2.1@9785:Primary_ar5107_s2015-01-28T22:48:00_e2015-01-29T10:36:00,0,FL,1,NF,1,NF,True,5,5,0.0013858936727046967,0.021381587162613867,12.2,168,0.07261904761904761,16.530057241019666,0.3605723057251609,0.07261904761904761,0.9273809523809524,20.722246257928482,0.11150140178348192,165,1,0.59913731972913,0.93376735938411,10,5489.9282790789275,6,12,1.0,
FL_M2.0@9794:Primary_ar5107_s2015-01-28T23:48:00_e2015-01-29T11:36:00,0,FL,1,NF,1,NF,True,5,5,0.0019385074265301228,0.022409004718065263,23.8,168,0.14166666666666666,0.3956765249047857,0.7214415768576878,0.14166666666666666,0.8583333333333334,1.049097472128018,0.4894446786393501,51,1,0.9824396123874274,0.9789302532455548,10,105.84192888856057,6,12,1.0,
FL_M2.0@9794:Primary_ar5107_s2015-01-29T00:48:00_e2015-01-29T12:36:00,0,FL,1,NF,0,FL,True,5,5,0.002488531870767474,0.027619459107518195,23.8,168,0.14166666666666666,25.736716185683445,0.5820880476415184,0.14166666666666666,0.8583333333333334,26.421273119933602,0.3871368396986873,453,0,0.8890588562621575,0.962007210730959,10,8597.40819689418,6,12,1.0,
FL_M2.0@9794:Primary_ar5107_s2015-01-29T01:48:00_e2015-01-29T13:36:00,0,FL,1,NF,0,FL,True,5,5,0.0016503620659932493,0.022675516828894616,17.0,168,0.10119047619047619,0.2863064470135231,0.7774460657369805,0.10119047619047619,0.8988095238095237,0.9988188197961986,0.5003241705032855,706,0,0.18241661773738813,0.5906247734225861,10,1.7586689939889777,6,12,1.0,
FL_M2.0@9794:Primary_ar5107_s2015-01-29T02:48:00_e2015-01-29T14:36:00,0,FL,1,NF,1,NF,True,5,5,0.0034158133901655676,0.04092068523168564,36.6,168,0.2178571428571429,53.443124679081464,0.27495212848173556,0.2178571428571429,0.7821428571428571,54.093721472383024,0.2046220900485753,278,1,0.8128073317251786,0.9415362918231136,10,9612.273059530136,6,12,1.0,
FL_M2.4@9798:Primary_ar5127_s2015-01-29T15:36:00_e2015-01-30T03:24:00,0,FL,1,NF,1,NF,True,5,5,0.008335495926439762,0.050991791486740115,24.6,168,0.14642857142857144,1.57239830497616,0.4992725118778994,0.14642857142857144,0.8535714285714286,2.422386485660046,0.3369583702963442,518,1,0.5956794443278332,0.8795567905606296,10,411.77227784837726,6,12,1.0,
FL_M1.7@9796:Primary_ar5107_s2015-01-29T15:48:00_e2015-01-30T03:36:00,0,FL,1,NF,1,NF,True,5,5,0.0025824859738349916,0.02841069921851158,21.2,168,0.1261904761904762,8.885667256753846,0.20480055614928805,0.1261904761904762,0.8738095238095237,9.575516857023324,0.16589266769177374,1305,1,1.0003967388124562,0.9979541615108382,10,1671.4671164599397,6,12,1.0,
FL_M2.4@9798:Primary_ar5127_s2015-01-29T16:36:00_e2015-01-30T04:24:00,0,FL,1,NF,1,NF,True,5,5,0.01481323130428791,0.06976970583200455,22.0,168,0.13095238095238093,0.2682703835486131,0.788547025124488,0.13095238095238093,0.869047619047619,1.1206564189847026,0.4715548979975474,269,1,0.04569871514232515,0.6378189700543933,10,2.6754701154544893,6,12,1.0,
FL_M1.7@9796:Primary_ar5107_s2015-01-29T16:48:00_e2015-01-30T04:36:00,0,FL,1,NF,1,NF,True,5,5,0.0029050837736576797,0.026885641738772392,9.2,168,0.05476190476190477,0.08222070564361235,0.9241207765315439,0.05476190476190477,0.9452380952380952,0.8818797768115904,0.5313861513106024,1162,1,0.31228446916368513,0.7846758561660416,10,11.694739932034748,6,12,1.0,
FL_M2.4@9798:Primary_ar5127_s2015-01-29T17:36:00_e2015-01-30T05:24:00,0,FL,1,NF,1,NF,True,5,5,0.00596927609294653,0.03496697098016739,29.2,168,0.1738095238095238,0.3310640246545641,0.7518792366450996,0.1738095238095238,0.8261904761904763,1.0878295444548411,0.4791871014307665,518,1,0.4204308327700549,0.8920439767030603,10,65.23366983487189,6,12,1.0,
FL_M2.4@9798:Primary_ar5127_s2015-01-29T18:36:00_e2015-01-30T06:24:00,0,FL,1,NF,0,FL,True,5,5,0.014099332503974438,0.07134222537279129,30.6,168,0.1821428571428571,0.815988191100794,0.5883385815254716,0.1821428571428571,0.8178571428571428,1.5414466427948363,0.4104826330690276,190,0,0.2032104817372966,0.7830012128244889,10,172.21108309810484,6,12,1.0,
FL_M2.4@9798:Primary_ar5127_s2015-01-29T19:36:00_e2015-01-30T07:24:00,0,FL,1,NF,1,NF,True,5,5,0.012426837347447872,0.06107848510146141,27.2,168,0.1619047619047619,3.003834132514029,0.35271554381448766,0.1619047619047619,0.838095238095238,3.795062020281171,0.2642629026400628,1452,1,0.7241655055944722,0.9202721184496808,10,670.6308523527293,6,12,1.0,
FL_M2.4@9798:Primary_ar5127_s2015-01-29T20:36:00_e2015-01-30T08:24:00,0,FL,1,NF,0,FL,True,5,5,0.008840741775929927,0.04743152186274528,31.2,168,0.18571428571428572,2.6849568398497348,0.45100046055327886,0.18571428571428572,0.8142857142857143,3.3954195320761,0.3173939265597,430,0,0.7405620347749542,0.9468314787621804,10,733.7649937101179,6,12,1.0,
FL_M2.4@9798:Primary_ar5127_s2015-01-29T21:36:00_e2015-01-30T09:24:00,0,FL,1,NF,1,NF,True,5,5,0.01165582537651062,0.05985628440976143,33.6,168,0.2,2.7025419408224445,0.45386217270380724,0.2,0.8,3.382338556833372,0.3348765401033257,404,1,0.7713333557353269,0.9235953259713514,10,731.083633657899,6,12,1.0,
FL_M2.4@9798:Primary_ar5127_s2015-01-29T22:36:00_e2015-01-30T10:24:00,0,FL,1,NF,1,NF,True,5,5,0.011164724454283714,0.0613744780421257,28.2,168,0.16785714285714284,13.41687364771551,0.4562397609575708,0.16785714285714284,0.8321428571428571,14.263263338459652,0.27764452337753487,284,1,0.3996885268854837,0.8250655910741758,10,3360.0452654472656,6,12,1.0,
FL_M2.4@9798:Primary_ar5127_s2015-01-29T23:36:00_e2015-01-30T11:24:00,0,FL,1,NF,1,NF,True,5,5,0.008853214606642724,0.04890559464693069,34.8,168,0.20714285714285716,6.453726500673591,0.14384570904181598,0.20714285714285716,0.7928571428571428,7.417065898745301,0.12505310007884868,1271,1,0.07782031528088998,0.8025183407557464,10,515.0808471724933,6,12,1.0,
FL_M1.2@9823:Primary_ar5127_s2015-02-02T14:36:00_e2015-02-03T02:24:00,0,FL,1,NF,0,FL,True,5,5,0.0014351131045259534,0.015647982247173786,24.2,168,0.14404761904761904,0.2857431426828861,0.777972077881963,0.14404761904761904,0.855952380952381,0.9186848051371385,0.5212624126286416,1136,0,0.5386421231034285,0.8923852901638964,10,64.69912465842299,6,12,1.0,
FL_M1.2@9823:Primary_ar5127_s2015-02-02T15:36:00_e2015-02-03T03:24:00,0,FL,1,NF,1,NF,True,5,5,0.003179414523765445,0.033085957169532776,16.6,168,0.0988095238095238,7.801135959791817,0.22947103595809745,0.0988095238095238,0.9011904761904763,8.592160599255498,0.17790285298658476,269,1,0.10475116123987094,0.9044990290650959,10,1973.851794617559,6,12,1.0,
FL_M1.2@9823:Primary_ar5127_s2015-02-02T16:36:00_e2015-02-03T04:24:00,0,FL,1,NF,0,FL,True,5,5,0.0037918748799711465,0.03654441237449646,17.4,168,0.10357142857142856,6.405622696608047,0.6572947348578145,0.10357142857142856,0.8964285714285716,7.208553592232218,0.4008696615401449,1147,0,0.010506423490759918,0.6124619470206494,10,2103.858536507605,6,12,1.0,
FL_M1.2@9823:Primary_ar5127_s2015-02-02T17:36:00_e2015-02-03T05:24:00,0,FL,1,NF,1,NF,True,5,5,0.0030636032286565753,0.031429719924926755,21.6,168,0.12857142857142856,9.29570882987706,0.5089664408163456,0.12857142857142856,0.8714285714285716,9.963502155416569,0.3433193499950127,419,1,0.8470680397644093,0.9581004689594776,10,3107.6414245984793,6,12,1.0,
FL_M1.2@9823:Primary_ar5127_s2015-02-02T18:36:00_e2015-02-03T06:24:00,0,FL,1,NF,1,NF,True,5,5,0.00036607481888495386,0.006216970086097717,16.8,168,0.1,0.1517846436827332,0.8684846017590224,0.1,0.9,0.8752505132255124,0.5334093012205352,1183,1,0.1259840455384014,0.7306225265692481,10,29.965175835084676,6,12,1.0,
FL_M1.2@9823:Primary_ar5127_s2015-02-02T19:36:00_e2015-02-03T07:24:00,0,FL,1,NF,1,NF,True,5,5,0.0028380231466144322,0.025180787593126298,12.0,168,0.07142857142857142,3.935101875678002,0.5295984888766951,0.07142857142857142,0.9285714285714286,4.649544450021187,0.34965242119888484,654,1,0.12755907699518573,0.9038994210977189,10,1302.490640027855,6,12,1.0,
FL_M1.2@9823:Primary_ar5127_s2015-02-02T20:36:00_e2015-02-03T08:24:00,0,FL,1,NF,1,NF,True,5,5,0.004159913025796413,0.03277365639805794,17.0,168,0.10119047619047619,0.12044501916381412,0.8925520809991042,0.10119047619047619,0.8988095238095237,0.9206403990530369,0.5206667581088995,1271,1,0.14643221570434323,0.5908262542504749,10,1.9074778438493207,6,12,1.0,
FL_M1.2@9823:Primary_ar5127_s2015-02-02T21:36:00_e2015-02-03T09:24:00,0,FL,1,NF,1,NF,True,5,5,0.0025428558234125375,0.028594252094626425,15.2,168,0.09047619047619047,18.015555262650516,0.17725283923828086,0.09047619047619047,0.9095238095238096,18.808499146865813,0.14010648896553707,399,1,0.7685355998378365,0.9516443388682082,10,5046.155635213518,6,12,1.0,
FL_M1.2@9823:Primary_ar5127_s2015-02-02T22:36:00_e2015-02-03T10:24:00,0,FL,1,NF,1,NF,True,5,5,0.004057451337575913,0.03463341072201729,22.8,168,0.13571428571428573,4.575547466609726,0.2632767926418666,0.13571428571428573,0.8642857142857142,5.294099894034923,0.2093802577569625,472,1,0.5960380163076863,0.8562515342330221,10,630.4181823220244,6,12,1.0,
FL_M1.2@9823:Primary_ar5127_s2015-02-02T23:36:00_e2015-02-03T11:24:00,0,FL,1,NF,1,NF,True,5,5,0.0004228292847983539,0.006578110065311194,10.4,168,0.06190476190476189,0.1076429718854363,0.9031217522281063,0.06190476190476189,0.9380952380952381,0.9657795234835642,0.5088781250052117,1274,1,0.18536541205721163,0.7777963803678853,10,20.671364739071688,6,12,1.0,
FL_M1.2@9823:Primary_ar5127_s2015-02-03T00:36:00_e2015-02-03T12:24:00,0,FL,1,NF,1,NF,True,5,5,0.0028407650534063578,0.026337241381406785,17.4,168,0.10357142857142856,0.26856729601368856,0.7889783301160007,0.10357142857142856,0.8964285714285716,0.9855374288916632,0.5050033566667275,1391,1,0.6096590124328904,0.8873710423603587,10,55.6823352702825,6,12,1.0,
FL_M1.2@9823:Primary_ar5127_s2015-02-03T01:36:00_e2015-02-03T13:24:00,0,FL,1,NF,1,NF,True,5,5,0.001580413687042892,0.01659028436988592,16.4,168,0.09761904761904762,0.3626663507905605,0.7406307636521025,0.09761904761904762,0.9023809523809524,1.22134856619499,0.45218299890725044,1416,1,0.9342126810273786,0.9524152758188875,10,84.95032331310544,6,12,1.0,
FL_M1.2@9823:Primary_ar5127_s2015-02-03T02:36:00_e2015-02-03T14:24:00,0,FL,1,NF,1,NF,True,5,5,0.002235099021345377,0.02398730106651783,20.2,168,0.12023809523809523,0.6686771965554357,0.62149782374272,0.12023809523809523,0.8797619047619047,1.4779893340386587,0.41165769263306284,368,1,0.7560341384671994,0.8974465517557262,10,141.26576312927799,6,12,1.0,
FL_M1.2@9823:Primary_ar5127_s2015-02-03T03:36:00_e2015-02-03T15:24:00,0,FL,1,NF,0,FL,True,5,5,0.0031397684710100294,0.029157613404095173,28.6,168,0.17023809523809524,1.264151372708719,0.5579048420485763,0.17023809523809524,0.8297619047619047,2.022553000674377,0.37850467679720884,458,0,1.0001124948561706,0.9953152944910166,10,403.6633428879482,6,12,1.0,
FL_M1.2@9823:Primary_ar5127_s2015-02-03T04:36:00_e2015-02-03T16:24:00,0,FL,1,NF,1,NF,True,5,5,0.0013624838087707759,0.019832297787070276,16.6,168,0.09880952380952382,27.243608837102606,0.49212056851115227,0.09880952380952382,0.9011904761904763,28.039861731241086,0.31242176143149203,465,1,0.2286632950824206,0.795509727022167,10,6853.459207742009,6,12,1.0,
FL_M1.2@9823:Primary_ar5127_s2015-02-03T05:36:00_e2015-02-03T17:24:00,0,FL,1,NF,1,NF,True,5,5,0.003214674978516996,0.03188852928578854,22.2,168,0.13214285714285712,43.34155552889263,0.29105888362077176,0.13214285714285712,0.8678571428571429,44.12186340094563,0.2088129990895497,1274,1,0.5662798259624143,0.9104574872348774,10,10974.383728627748,6,12,1.0,
FL_M1.2@9823:Primary_ar5127_s2015-02-03T06:36:00_e2015-02-03T18:24:00,0,FL,1,NF,1,NF,True,5,5,0.002026953315362334,0.01786823906004429,14.0,168,0.08333333333333334,0.13737026884505815,0.8792567506875016,0.08333333333333334,0.9166666666666666,0.8895959776217275,0.529216918317516,366,1,0.004398514685223212,0.5344435988644112,10,1.6352768341135342,6,12,1.0,
FL_M1.2@9823:Primary_ar5127_s2015-02-03T07:36:00_e2015-02-03T19:24:00,0,FL,1,NF,1,NF,True,5,5,0.0041160955093801025,0.04113444499671459,17.4,168,0.10357142857142858,11.349009472317263,0.23395821930444569,0.10357142857142858,0.8964285714285716,12.268489271545729,0.15073292184998077,567,1,0.26675293623344837,0.8482918323439289,10,1530.793909881192,6,12,1.0,
FL_M1.2@9823:Primary_ar5127_s2015-02-03T08:36:00_e2015-02-03T20:24:00,0,FL,1,NF,1,NF,True,5,5,0.0030046497471630574,0.026640358194708825,15.8,168,0.09404761904761903,1.5432382879946933,0.568785910237473,0.09404761904761903,0.9059523809523811,2.344149015745871,0.3683469501228994,567,1,0.7321514120265985,0.9380329466761829,10,392.3835309292431,6,12,1.0,
FL_M1.2@9823:Primary_ar5127_s2015-02-03T09:36:00_e2015-02-03T21:24:00,0,FL,1,NF,0,FL,True,5,5,0.003953754343092442,0.031388770788908005,25.2,168,0.15,0.35276184935912513,0.7420371634577222,0.15,0.85,1.1848214817413534,0.45803043368399565,39,0,0.28773129057301955,0.8011983713555928,10,60.823729891423284,6,12,1.0,
FL_M1.2@9823:Primary_ar5127_s2015-02-03T10:36:00_e2015-02-03T22:24:00,0,FL,1,NF,1,NF,True,5,5,0.0036636675242334603,0.03378980867564678,23.0,168,0.13690476190476192,18.94410457751936,0.5195384308587879,0.13690476190476192,0.8630952380952381,19.72205804868306,0.33399211831344705,472,1,0.8903837500197951,0.9638653241908235,10,6245.470000482349,6,12,1.0,
FL_M1.2@9823:Primary_ar5127_s2015-02-03T11:36:00_e2015-02-03T23:24:00,0,FL,1,NF,0,FL,True,5,5,0.004796481784433126,0.04200037866830826,30.6,168,0.18214285714285713,0.28831805257783955,0.776376194920027,0.18214285714285713,0.8178571428571428,1.0185383283741678,0.49542400482051746,453,0,0.4714482426387838,0.7457352147639426,10,4.263932953870019,6,12,1.0,
FL_M1.2@9823:Primary_ar5127_s2015-02-03T12:36:00_e2015-02-04T00:24:00,0,FL,1,NF,0,FL,True,5,5,0.0024800960440188647,0.029563483968377113,18.6,168,0.11071428571428572,2.8215998803921574,0.34473864487964134,0.11071428571428572,0.8892857142857142,3.6085573987201682,0.25247026654945154,86,0,0.519754044904576,0.797294009329262,10,247.72217472354777,6,12,1.0,
FL_M1.2@9823:Primary_ar5127_s2015-02-03T13:36:00_e2015-02-04T01:24:00,0,FL,1,NF,0,FL,True,5,5,0.004024721821770072,0.031205129623413087,20.6,168,0.12261904761904763,2.45512729970566,0.28944262129474185,0.12261904761904763,0.8773809523809524,3.224775761448007,0.2367085756923169,207,0,0.6489264580380394,0.8322042255625354,10,29.065930919193,6,12,1.0,
FL_M2.4@9854:Secondary_ar5144_s2015-02-08T11:48:00_e2015-02-08T23:36:00,0,FL,1,NF,1,NF,True,5,5,0.00023775127629050986,0.004591505462303758,1.4,168,0.008333333333333333,9.639053665306346,0.8006864251073802,0.008333333333333333,0.9916666666666668,10.373050623613816,0.4643534322192172,382,1,0.10229981678103427,0.7074059873156727,10,3238.5498597394558,6,12,1.0,
FL_M2.4@9854:Secondary_ar5144_s2015-02-08T12:48:00_e2015-02-09T00:36:00,0,FL,1,NF,0,FL,True,5,5,0.0004072712559718639,0.0080270123668015,3.8,168,0.022619047619047615,0.04311351244156572,0.9591889760219585,0.022619047619047615,0.9773809523809524,0.6829149888210232,0.5942862162292872,71,0,0.6097121973412989,0.8686913466544807,10,11.802609372158958,6,12,1.0,
FL_M2.4@9854:Secondary_ar5144_s2015-02-08T13:48:00_e2015-02-09T01:36:00,0,FL,1,NF,1,NF,True,5,5,0.00039358692592941227,0.005224005784839392,1.8,168,0.010714285714285714,0.009052453870653501,0.9910425637719736,0.010714285714285714,0.9892857142857142,0.6784532029308519,0.5957919781477823,1594,1,0.5566586248725922,0.7287471664095662,10,2.894290281962925,6,12,1.0,
FL_M2.4@9854:Secondary_ar5144_s2015-02-08T14:48:00_e2015-02-09T02:36:00,0,FL,1,NF,1,NF,True,5,5,0.0004970156067955145,0.008044209057698027,3.8,168,0.022619047619047615,0.6451025985887663,0.8194629195962891,0.022619047619047615,0.9773809523809524,1.402104206233396,0.4880113070074158,545,1,0.9688099179965295,0.9543404921478117,10,216.45480294136928,6,12,1.0,
FL_M2.4@9854:Secondary_ar5144_s2015-02-08T15:48:00_e2015-02-09T03:36:00,0,FL,1,NF,0,FL,True,5,5,0.0009022146463394165,0.015087860450148583,5.8,168,0.034523809523809526,21.92279250304677,0.12688122257217496,0.034523809523809526,0.9654761904761905,22.687855930568528,0.10553912003893913,30,0,1.0004992803832553,0.9997802098597112,10,6598.255531266393,6,12,1.0,
FL_M2.4@9854:Secondary_ar5144_s2015-02-08T16:48:00_e2015-02-09T04:36:00,0,FL,1,NF,0,FL,True,5,5,0.0008135219221003353,0.009045759588479996,4.6,168,0.027380952380952377,0.5117373153975271,0.8314551412728679,0.027380952380952377,0.9726190476190476,1.3088452073984267,0.4817026435778268,31,0,0.7061504268240155,0.8976257868558217,10,169.441439441048,6,12,1.0,
FL_M2.4@9854:Secondary_ar5144_s2015-02-08T18:48:00_e2015-02-09T06:36:00,0,FL,1,NF,1,NF,True,5,5,0.0005858485237695277,0.007197915576398373,2.0,168,0.011904761904761904,6.367986304254675,0.6655137703294061,0.011904761904761904,0.9880952380952381,7.108520155333676,0.40182026413655275,675,1,0.7276122685134654,0.9097005898333365,10,2139.2627041038845,6,12,1.0,
FL_M2.4@9854:Secondary_ar5144_s2015-02-08T19:48:00_e2015-02-09T07:36:00,0,FL,1,NF,1,NF,True,5,5,6.334622861459138e-05,0.0017634049057960511,1.6,168,0.009523809523809523,0.18779679044725317,0.8971862826045264,0.009523809523809523,0.9904761904761905,0.9742538654433217,0.519265978315345,1313,1,0.6424269950672509,0.833354930557381,10,62.87108812342598,6,12,1.0,
FL_M2.4@9854:Secondary_ar5144_s2015-02-08T20:48:00_e2015-02-09T08:36:00,0,FL,1,NF,0,FL,True,5,5,0.0010247819707728922,0.013344811089336873,5.6,168,0.03333333333333333,4.3076684729856165,0.7667057060418612,0.03333333333333333,0.9666666666666666,5.075641919511197,0.4483992544906538,36,0,0.7012271684127493,0.9188829205300304,10,1442.4774963608747,6,12,1.0,
FL_M2.4@9854:Secondary_ar5144_s2015-02-08T21:48:00_e2015-02-09T09:36:00,0,FL,1,NF,1,NF,True,5,5,0.0005504654350033889,0.00934981640020851,7.4,168,0.044047619047619044,6.354753438152545,0.3291672293184273,0.044047619047619044,0.955952380952381,7.10570616544152,0.23135824443693392,554,1,0.700864555900596,0.9445157677463858,10,2014.0689972331336,6,12,1.0,
FL_M2.4@9854:Secondary_ar5144_s2015-02-08T22:48:00_e2015-02-09T10:36:00,0,FL,1,NF,1,NF,True,5,5,0.0006741314893588424,0.007435948401689529,1.6,168,0.009523809523809523,0.01051665917888389,0.9896046398083523,0.009523809523809523,0.9904761904761905,0.8013075307840489,0.5551583171758652,263,1,0.08734964428742317,0.5873381931994348,10,1.7693022149258018,6,12,1.0,
FL_M2.4@9854:Secondary_ar5144_s2015-02-08T23:48:00_e2015-02-09T11:36:00,0,FL,1,NF,0,FL,True,5,5,0.0009632054716348648,0.014422519132494926,21.6,168,0.12857142857142856,0.30979091422024224,0.7646870473274966,0.12857142857142856,0.8714285714285716,0.9814715121367843,0.5052462252577546,440,0,0.8978243651266529,0.9365827106195986,10,43.380509441280864,6,12,1.0,
FL_M2.4@9854:Secondary_ar5144_s2015-02-09T01:48:00_e2015-02-09T13:36:00,0,FL,1,NF,0,FL,True,5,5,0.00025739122211234646,0.0052098304964602,2.8,168,0.016666666666666663,2.920400638422063,0.5120376741202327,0.016666666666666663,0.9833333333333332,3.6842981477654435,0.3268448924674459,64,0,0.9796571724972913,0.9844521928195,10,981.0639058789262,6,12,1.0,
FL_M2.4@9854:Secondary_ar5144_s2015-02-09T02:48:00_e2015-02-09T14:36:00,0,FL,1,NF,1,NF,True,5,5,0.0007461720146238804,0.010762039199471473,5.6,168,0.033333333333333326,5.696693784099303,0.33078471328602965,0.033333333333333326,0.9666666666666666,6.335946016121336,0.24942916390043343,1416,1,0.5325667579979799,0.9306131944953646,10,1502.1495980008276,6,12,1.0,
FL_M2.4@9854:Secondary_ar5144_s2015-02-09T04:48:00_e2015-02-09T16:36:00,0,FL,1,NF,0,FL,True,5,5,0.00030036676544114015,0.005106635787524283,1.8,168,0.010714285714285714,0.8399015961484946,0.8206668325414942,0.010714285714285714,0.9892857142857142,1.55189869571911,0.4948564034424273,447,0,0.6522164010194395,0.8645018563321234,10,281.75654805077767,6,12,1.0,
FL_M2.4@9854:Secondary_ar5144_s2015-02-09T05:48:00_e2015-02-09T17:36:00,0,FL,1,NF,1,NF,True,5,5,4.441893132112184e-06,0.00022111545404186473,1.6,168,0.009523809523809523,2.9406764965701084,0.8030953895829054,0.009523809523809523,0.9904761904761905,3.6678495523417154,0.47122074741449377,95,1,0.19100849341698803,0.8129814936084454,10,987.7663806130038,6,12,1.0,
FL_M2.4@9854:Secondary_ar5144_s2015-02-09T07:48:00_e2015-02-09T19:36:00,0,FL,1,NF,0,FL,True,5,5,0.0002758526970865205,0.004962611990049481,1.6,168,0.009523809523809523,0.01936301095514556,0.9814831244676612,0.009523809523809523,0.9904761904761905,0.7231678938156755,0.5807552815058957,31,0,0.36237701614898826,0.76020351826789,10,6.264484521211754,6,12,1.0,
FL_M2.4@9854:Secondary_ar5144_s2015-02-09T08:48:00_e2015-02-09T20:36:00,0,FL,1,NF,1,NF,True,5,5,0.00026400102058232733,0.003988677574670874,2.0,168,0.011904761904761904,1.1206275660211886,0.7051501226305851,0.011904761904761904,0.9880952380952381,1.9037741281301745,0.4258515704873071,1365,1,0.8769505080367161,0.9328758008376539,10,376.5308621831194,6,12,1.0,
FL_M2.4@9854:Secondary_ar5144_s2015-02-09T09:48:00_e2015-02-09T21:36:00,0,FL,1,NF,1,NF,True,5,5,0.001624138280749321,0.02046247702091932,9.2,168,0.05476190476190477,3.9471490680350145,0.31516508011375227,0.05476190476190477,0.9452380952380952,4.635567398600209,0.2378845496132908,1313,1,0.9996594598160393,0.9945067290211121,10,981.9945499347207,6,12,1.0,
FL_M4.5@9978:Primary_ar5298_s2015-03-08T09:24:00_e2015-03-08T21:12:00,0,FL,1,NF,0,FL,True,5,5,0.0020158484578132628,0.02089034728705883,28.0,168,0.16666666666666666,2.214741490672763,0.33546482088343105,0.16666666666666666,0.8333333333333334,2.9283800835282667,0.26776519451809505,215,0,0.9218182216236348,0.9592654840611806,10,490.4861738617966,6,12,1.0,
FL_M4.5@9978:Primary_ar5298_s2015-03-08T10:24:00_e2015-03-08T22:12:00,0,FL,1,NF,1,NF,True,5,5,0.002403237437829375,0.02647242695093155,21.8,168,0.12976190476190477,1.0320423601574005,0.6442996634919199,0.12976190476190477,0.8702380952380953,1.7170893083579564,0.4389641709682106,284,1,0.8139397332836554,0.9512408413706008,10,326.5338636224621,6,12,1.0,
FL_M4.5@9978:Primary_ar5298_s2015-03-08T11:24:00_e2015-03-08T23:12:00,0,FL,1,NF,0,FL,True,5,5,0.0018023723270744086,0.017931682989001274,23.0,168,0.13690476190476192,0.3252755783661418,0.7604804480791554,0.13690476190476192,0.8630952380952381,1.2049638476950948,0.45549634957450874,197,0,0.544280304543606,0.8569817211993871,10,70.56366653020072,6,12,1.0,
FL_M5.8@9985:Primary_ar5298_s2015-03-08T12:24:00_e2015-03-09T00:12:00,0,FL,1,NF,1,NF,True,5,5,0.0017969782988075168,0.0191134762018919,21.8,168,0.12976190476190477,0.28291391025173324,0.7817698220500902,0.12976190476190477,0.8702380952380953,0.9848559755539157,0.5042604999994598,1395,1,0.9029354668067656,0.9578229376107923,10,75.05042782402938,6,12,1.0,
FL_M5.8@9985:Primary_ar5298_s2015-03-08T13:24:00_e2015-03-09T01:12:00,0,FL,1,NF,0,FL,True,5,5,0.0016220563324168325,0.015550367906689644,21.4,168,0.12738095238095237,1.4110257213824668,0.5700567515265489,0.12738095238095237,0.8726190476190476,2.202256307445369,0.37205757461664163,1534,0,0.0060289115454280435,0.7237641890789158,10,432.7226862852831,6,12,1.0,
FL_M5.8@9985:Primary_ar5298_s2015-03-08T14:24:00_e2015-03-09T02:12:00,0,FL,1,NF,1,NF,True,5,5,0.00276512517593801,0.02726259082555771,24.6,168,0.14642857142857144,0.5395564460160012,0.6554001660795413,0.14642857142857144,0.8535714285714286,1.2555816437988288,0.4454755862737563,90,1,0.39994021595324897,0.8685974621667953,10,61.73070290284861,6,12,1.0,
FL_M5.8@9985:Primary_ar5298_s2015-03-08T15:24:00_e2015-03-09T03:12:00,0,FL,1,NF,1,NF,True,5,5,0.0021102692699059844,0.022605456039309503,28.2,168,0.16785714285714287,4.448541216633436,0.18416734777053073,0.16785714285714287,0.8321428571428571,5.133597978746792,0.16336484768668263,269,1,0.8206852257346723,0.9165077888956094,10,466.120665387915,6,12,1.0,
FL_M5.8@9985:Primary_ar5298_s2015-03-08T16:24:00_e2015-03-09T04:12:00,0,FL,1,NF,0,FL,True,5,5,0.0016443864209577442,0.019318434037268163,11.2,168,0.06666666666666667,3.8345042194021475,0.5930047953916759,0.06666666666666667,0.9333333333333333,4.7331677956177,0.3402250746410844,34,0,0.622300286122472,0.8792320328572829,10,1276.4009853374077,6,12,1.0,
FL_M5.8@9985:Primary_ar5298_s2015-03-08T17:24:00_e2015-03-09T05:12:00,0,FL,1,NF,0,FL,True,5,5,0.0014676420309115202,0.019845543149858712,16.0,168,0.09523809523809523,16.194954812945543,0.1691579933090666,0.09523809523809523,0.9047619047619048,17.163122426566854,0.13023124076377626,1104,0,0.8723579488528171,0.9634235852072998,10,4339.203513074902,6,12,1.0,
FL_M5.8@9985:Primary_ar5298_s2015-03-08T18:24:00_e2015-03-09T06:12:00,0,FL,1,NF,0,FL,True,5,5,0.0005249864305369556,0.009351765178143978,24.2,168,0.14404761904761904,0.33249623467443973,0.7506077521895023,0.14404761904761904,0.855952380952381,1.0693423730880656,0.48354102563368107,1372,0,0.6740329170134647,0.8744741497737538,10,47.51510728757786,6,12,1.0,
FL_M5.8@9985:Primary_ar5298_s2015-03-09T09:24:00_e2015-03-09T21:12:00,0,FL,1,NF,1,NF,True,5,5,0.0031815171241760254,0.029382601752877234,15.0,168,0.08928571428571427,1.2674873223982748,0.4410523026487386,0.08928571428571427,0.9107142857142858,2.2374504808975795,0.3088868095113674,1407,1,0.6144788347652338,0.7839575135411022,10,4.745421797376591,6,12,1.0,
FL_M5.8@9985:Primary_ar5298_s2015-03-09T10:24:00_e2015-03-09T22:12:00,0,FL,1,NF,0,FL,True,5,5,0.0011671693879179656,0.016140059940516947,26.4,168,0.15714285714285714,8.190922271697957,0.6096927823788842,0.15714285714285714,0.8428571428571429,9.070008712366427,0.3664937920878234,139,0,0.4834505113855392,0.813383899113031,10,2684.8707065519857,6,12,1.0,
FL_M5.8@9985:Primary_ar5298_s2015-03-09T11:24:00_e2015-03-09T23:12:00,0,FL,1,NF,1,NF,True,5,5,0.0034559632651507853,0.029896921664476394,21.6,168,0.12857142857142856,1.0399947034546053,0.683871460695851,0.12857142857142856,0.8714285714285716,1.9516266515497573,0.4053625975907704,278,1,0.2929158674687464,0.8662906341715562,10,325.14606325759604,6,12,1.0,
FL_M5.1@9986:Primary_ar5298_s2015-03-09T12:24:00_e2015-03-10T00:12:00,0,FL,1,NF,1,NF,True,5,5,0.0027794183231890203,0.026798025146126746,22.8,168,0.13571428571428573,1.4640263331795353,0.5453646921297917,0.13571428571428573,0.8642857142857142,2.2252323854109672,0.3693437111740837,443,1,0.02569964762225734,0.8549262262973454,10,361.56864080202456,6,12,1.0,
FL_M5.1@9986:Primary_ar5298_s2015-03-09T13:24:00_e2015-03-10T01:12:00,0,FL,1,NF,1,NF,True,5,5,0.003399229468777776,0.03226906880736351,25.0,168,0.1488095238095238,0.9057580368086235,0.5257004659499851,0.1488095238095238,0.8511904761904763,1.8681103509592205,0.3488494972888926,443,1,0.7950217910955757,0.8873989231346499,10,16.915392793973204,6,12,1.0,
FL_M5.1@9986:Primary_ar5298_s2015-03-09T14:24:00_e2015-03-10T02:12:00,0,FL,1,NF,1,NF,True,5,5,0.0026768919546157123,0.021424897015094757,26.2,168,0.15595238095238095,0.34526403996246446,0.7449058434208274,0.15595238095238095,0.8440476190476189,1.2299576076860739,0.44867436404933825,176,1,0.9326445451715191,0.9590334861224189,10,70.33185135852467,6,12,1.0,
FL_M5.1@9986:Primary_ar5298_s2015-03-09T15:24:00_e2015-03-10T03:12:00,0,FL,1,NF,0,FL,True,5,5,0.0008378668804652989,0.012185057811439037,20.0,168,0.11904761904761904,0.2724691579120339,0.7859142451940768,0.11904761904761904,0.880952380952381,1.2059324267406637,0.45344750986766913,1466,0,0.14261172066738068,0.6099286069047108,10,2.080637256242624,6,12,1.0,
FL_M2.9@10004:Primary_ar5298_s2015-03-09T16:24:00_e2015-03-10T04:12:00,0,FL,1,NF,1,NF,True,5,5,0.006549075711518526,0.04678116366267204,19.2,168,0.1142857142857143,0.2610251490198883,0.793218787709845,0.1142857142857143,0.8857142857142858,1.0799603486850204,0.48088847229905707,443,1,0.0075829583991224294,0.8180618476377823,10,40.38597591539302,6,12,1.0,
FL_M2.9@10004:Primary_ar5298_s2015-03-09T17:24:00_e2015-03-10T05:12:00,0,FL,1,NF,0,FL,True,5,5,0.005736839585006237,0.041102844104170796,24.8,168,0.14761904761904762,0.4425038930381751,0.7125344473019197,0.14761904761904762,0.8523809523809524,1.2893425350503391,0.4404207139662309,422,0,0.6699471459932654,0.9347323482660689,10,113.53757352054,6,12,1.0,
FL_M2.9@10004:Primary_ar5298_s2015-03-09T18:24:00_e2015-03-10T06:12:00,0,FL,1,NF,1,NF,True,5,5,0.0048803945537656546,0.038865777850151065,20.4,168,0.12142857142857141,13.616682098603196,0.4864567129380803,0.12142857142857141,0.8785714285714284,14.46784855977494,0.29958034522015814,554,1,1.0000344767136091,0.9962180921983413,10,4568.277393719107,6,12,1.0,
FL_X2.1@10019:Primary_ar5298_s2015-03-10T09:24:00_e2015-03-10T21:12:00,0,FL,1,NF,1,NF,True,5,5,0.006525233294814825,0.04377625286579132,20.0,168,0.11904761904761904,2.4177921864616883,0.36415692769851293,0.11904761904761904,0.880952380952381,3.2564482408278814,0.2629916577730479,269,1,0.020305303026891798,0.8984248391530976,10,610.123213268758,6,12,1.0,
FL_X2.1@10019:Primary_ar5298_s2015-03-10T10:24:00_e2015-03-10T22:12:00,0,FL,1,NF,0,FL,True,5,5,0.005606073793023825,0.04392640814185143,21.0,168,0.125,13.933122629865414,0.06914325172917453,0.125,0.875,14.978253141226238,0.06439299821989597,570,0,0.9998237591242833,0.9964830937420304,10,2976.692362198703,6,12,1.0,
FL_X2.1@10019:Primary_ar5298_s2015-03-10T11:24:00_e2015-03-10T23:12:00,0,FL,1,NF,1,NF,True,5,5,0.005087212182115763,0.03682582136243582,24.0,168,0.14285714285714285,0.7268935123380996,0.6677674862006727,0.14285714285714285,0.8571428571428571,1.484117251568572,0.43249503308703297,397,1,0.39000768369482763,0.7959898491433471,10,164.6966610675201,6,12,1.0,
FL_X2.1@10019:Primary_ar5298_s2015-03-10T12:24:00_e2015-03-11T00:12:00,0,FL,1,NF,0,FL,True,5,5,0.004577820934355259,0.03370643481612205,24.2,168,0.14404761904761904,2.5562232442299604,0.4270083690606142,0.14404761904761904,0.855952380952381,3.299614197974988,0.29997337388060175,1534,0,0.6677932141083143,0.9106213521790669,10,436.399049643003,6,12,1.0,
FL_X2.1@10019:Primary_ar5298_s2015-03-10T13:24:00_e2015-03-11T01:12:00,0,FL,1,NF,1,NF,True,5,5,0.00628765276633203,0.041563722491264346,13.4,168,0.07976190476190477,5.2536489032710225,0.478530396616088,0.07976190476190477,0.9202380952380953,6.152294221756217,0.29937254618651626,660,1,0.7036058782268654,0.896751450459342,10,1306.2574113123324,6,12,1.0,
FL_X2.1@10019:Primary_ar5298_s2015-03-10T14:24:00_e2015-03-11T02:12:00,0,FL,1,NF,1,NF,True,5,5,0.004259913461282849,0.03394516669213772,15.0,168,0.08928571428571429,11.036293040354156,0.08546818799097967,0.08928571428571429,0.9107142857142858,11.798847537566356,0.080123986960765,73,1,0.5547851742423507,0.8996141822351905,10,3014.679512990471,6,12,1.0,
FL_X2.1@10019:Primary_ar5298_s2015-03-10T15:24:00_e2015-03-11T03:12:00,0,FL,1,NF,1,NF,True,5,5,0.0050074408762156965,0.03954830095171928,19.2,168,0.11428571428571428,22.73366868062925,0.210853447663614,0.11428571428571428,0.8857142857142858,23.534251585981075,0.1475331224720192,73,1,0.9998897849927642,0.9958334236333009,10,4015.4764083661503,6,12,1.0,
NF_FQ_ar5125_s2015-01-27T13:24:00_e2015-01-28T01:12:00,1,NF,0,FL,0,FL,True,5,5,0.03412941880524158,0.1478351354598999,68.4,168,0.40714285714285714,667.0240913000504,0.0016049559853096355,0.40714285714285714,0.5928571428571429,646.6853266827196,0.0016449229523956836,1608,0,0.7402362183430131,0.9489394126304113,10,88431.90271265476,6,12,1.0,
NF_FQ_ar5125_s2015-01-27T21:24:00_e2015-01-28T09:12:00,1,NF,0,FL,0,FL,True,5,5,0.044213682413101196,0.16879067122936248,78.0,168,0.4642857142857143,419.6353639799201,0.00238606278966515,0.4642857142857143,0.5357142857142857,396.2636452733599,0.0025235613124875416,926,0,0.598381595637252,0.878010505054976,10,4591.987465895034,6,12,1.0,
NF_C1.9@9782:Primary_ar5111_s2015-01-28T01:24:00_e2015-01-28T13:12:00,1,NF,0,FL,0,FL,True,5,5,0.019541167840361594,0.10438141971826553,41.6,168,0.24761904761904763,316.75990266264023,0.004651662618154621,0.24761904761904763,0.7523809523809524,317.23358837580133,0.0046373640092671605,34,0,0.6497136707619926,0.8873320465473132,10,55072.38572427229,6,12,1.0,
NF_FQ_ar5124_s2015-01-28T05:12:00_e2015-01-28T17:00:00,1,NF,0,FL,0,FL,True,5,5,0.03337258398532868,0.15119027495384216,70.0,168,0.4166666666666667,498.8231603026802,0.0020007085112851617,0.4166666666666667,0.5833333333333333,494.33184725263766,0.002018849344096419,926,0,0.11755491518844233,0.7851009398414821,10,58.140057386803264,6,12,1.0,
NF_FQ_ar5124_s2015-01-29T01:12:00_e2015-01-29T13:00:00,1,NF,0,FL,0,FL,True,5,5,0.02209724932909012,0.12108495980501174,72.6,168,0.4321428571428572,479.0717696406647,0.0020854552660626393,0.4321428571428572,0.5678571428571428,452.4599302963302,0.0022084530264073676,891,0,0.8318085864003079,0.9248301603551264,10,34940.131196730756,6,12,1.0,
NF_FQ_ar5130_s2015-01-29T16:36:00_e2015-01-30T04:24:00,1,NF,0,FL,0,FL,True,5,5,0.04421764239668846,0.169778448343277,70.8,168,0.42142857142857143,530.4546954632272,0.001934720883102763,0.42142857142857143,0.5785714285714285,521.1758042495976,0.00197610900505609,924,0,0.2689015306223678,0.7934558244251786,10,58099.704038006115,6,12,1.0,
NF_FQ_ar5130_s2015-01-29T20:36:00_e2015-01-30T08:24:00,1,NF,0,FL,0,FL,True,5,5,0.033443769067525865,0.1448143094778061,65.8,168,0.3916666666666666,587.6764899685908,0.0017403506688321332,0.3916666666666666,0.6083333333333334,566.5760257206033,0.0017967905207467026,842,0,0.6876477532129475,0.9210672432512856,10,98471.12197205047,6,12,1.0,
NF_FQ_ar5125_s2015-01-30T00:24:00_e2015-01-30T12:12:00,1,NF,0,FL,0,FL,True,5,5,0.038266503065824506,0.15704318583011628,74.2,168,0.4416666666666666,604.9420217619136,0.0016531024616505206,0.4416666666666666,0.5583333333333333,596.426958655765,0.001676499229620921,889,0,0.8217375985807972,0.9573828719674093,10,76503.37984648538,6,12,1.0,
NF_FQ_ar5118_s2015-01-30T03:48:00_e2015-01-30T15:36:00,1,NF,0,FL,0,FL,True,5,5,0.04020382016897202,0.1598178267478943,60.4,168,0.35952380952380947,618.4771855142959,0.001739542024245977,0.35952380952380947,0.6404761904761904,603.6535387143766,0.0017709595061853364,1515,0,0.8817706887498551,0.9595786457548412,10,93720.45636235864,6,12,1.0,
NF_FQ_ar5132_s2015-01-30T07:12:00_e2015-01-30T19:00:00,1,NF,0,FL,0,FL,True,5,5,0.03382376953959465,0.14197853803634644,67.2,168,0.4,531.8444441289109,0.0019332985949528636,0.4,0.6,509.12617094079985,0.0020077574207538495,842,0,0.6360834985867759,0.9109553586170414,10,105441.19436969333,6,12,1.0,
NF_FQ_ar5118_s2015-01-30T10:48:00_e2015-01-30T22:36:00,1,NF,0,FL,0,FL,True,5,5,0.031743832677602765,0.14104251861572265,65.4,168,0.38928571428571423,377.61962416597834,0.002861251178662083,0.38928571428571423,0.6107142857142858,368.3587342022546,0.0029174731058230563,1606,0,1.000484753246408,0.9995906799261037,10,69436.20038014645,6,12,1.0,
NF_FQ_ar5132_s2015-01-30T14:12:00_e2015-01-31T02:00:00,1,NF,0,FL,0,FL,True,5,5,0.034341637045145035,0.1390910565853119,61.0,168,0.3630952380952381,484.47911064978973,0.0020599017304043427,0.3630952380952381,0.6369047619047619,474.31345105230065,0.002103895036279894,911,0,0.9073671419764903,0.9680324743712999,10,700.2939372042595,6,12,1.0,
NF_FQ_ar5125_s2015-01-30T17:24:00_e2015-01-31T05:12:00,1,NF,0,FL,0,FL,True,5,5,0.023340201750397683,0.11878538131713867,73.4,168,0.43690476190476185,483.51783686424795,0.0021335834790117605,0.43690476190476185,0.5630952380952381,468.87647482082866,0.0021940747850310166,884,0,0.6672414088644025,0.941939792795175,10,45536.422685324374,6,12,1.0,
NF_FQ_ar5135_s2015-01-31T00:00:00_e2015-01-31T11:48:00,1,NF,0,FL,0,FL,True,5,5,0.030571722984313966,0.1332080453634262,51.6,168,0.30714285714285716,327.6676831808753,0.0031925736858093067,0.30714285714285716,0.6928571428571428,325.3615598436762,0.0032012212527010595,438,0,0.8788262154312619,0.9648237368393447,10,54468.56377929965,6,12,1.0,
NF_FQ_ar5132_s2015-01-31T03:12:00_e2015-01-31T15:00:00,1,NF,0,FL,0,FL,True,5,5,0.03463746309280395,0.14575839340686797,56.0,168,0.33333333333333337,384.01659944766084,0.00259757747323896,0.33333333333333337,0.6666666666666667,383.87379328385015,0.0025984821776960667,28,0,0.40371144481778076,0.8827360094547754,10,892.429383388168,6,12,1.0,
NF_FQ_ar5125_s2015-01-31T06:24:00_e2015-01-31T18:12:00,1,NF,0,FL,0,FL,True,5,5,0.032465212792158124,0.14258118867874145,63.2,168,0.3761904761904762,575.3587208967175,0.00175699669219068,0.3761904761904762,0.6238095238095238,561.6099997894198,0.001795280127336419,921,0,0.7710385314452219,0.9517891414644887,10,74098.16875666063,6,12,1.0,
NF_FQ_ar5138_s2015-01-31T09:24:00_e2015-01-31T21:12:00,1,NF,0,FL,0,FL,True,5,5,0.019067060202360153,0.10778292864561081,73.2,168,0.43571428571428567,567.7187614283455,0.0017839198036124202,0.43571428571428567,0.5642857142857143,532.4280649626896,0.001898723850491358,895,0,0.5917357835565141,0.935960436677389,10,47807.31965117862,6,12,1.0,
NF_FQ_ar5118_s2015-01-31T15:48:00_e2015-02-01T03:36:00,1,NF,0,FL,0,FL,True,5,5,0.044721927493810654,0.17091347873210908,64.6,168,0.3845238095238095,573.7324716465497,0.0017516944835424264,0.3845238095238095,0.6154761904761905,555.6256290195997,0.0018100141447073622,921,0,0.7239297882493431,0.9349846273083441,10,54621.640866324575,6,12,1.0,
NF_FQ_ar5134_s2015-01-31T18:48:00_e2015-02-01T06:36:00,1,NF,0,FL,0,FL,True,5,5,0.027343939617276193,0.13089266121387483,73.0,168,0.4345238095238095,453.4241910454354,0.0022050711232751053,0.4345238095238095,0.5654761904761905,413.717004965707,0.002417180834033272,926,0,0.6547894252261486,0.8870790615934183,10,3333.3710351223053,6,12,1.0,
NF_FQ_ar5113_s2015-01-31T21:48:00_e2015-02-01T09:36:00,1,NF,0,FL,0,FL,True,5,5,0.029574942588806153,0.1325106680393219,48.2,168,0.2869047619047619,475.9374999303207,0.0021378413887351943,0.2869047619047619,0.7130952380952381,470.3750250721756,0.0021678412795417307,921,0,0.9152002566808242,0.9706383109618927,10,70339.58509446328,6,12,1.0,
NF_FQ_ar5130_s2015-02-01T00:36:00_e2015-02-01T12:24:00,1,NF,0,FL,0,FL,True,5,5,0.03263410255312919,0.14187025427818298,76.4,168,0.4547619047619048,601.0832652017456,0.0017526553856757616,0.4547619047619048,0.5452380952380953,578.2292552946843,0.0018158470703334717,924,0,1.0005000615639406,0.9999611425288839,10,80267.0894768731,6,12,1.0,
NF_FQ_ar5141_s2015-02-01T03:24:00_e2015-02-01T15:12:00,1,NF,0,FL,0,FL,True,5,5,0.03141528367996216,0.1418199986219406,72.0,168,0.42857142857142855,569.6699736543341,0.0017969700953265728,0.42857142857142855,0.5714285714285714,545.865998109861,0.001875353516526012,926,0,0.6327337853098377,0.9391854012546371,10,73258.63579814955,6,12,1.0,
NF_FQ_ar5125_s2015-02-01T06:24:00_e2015-02-01T18:12:00,1,NF,0,FL,0,FL,True,5,5,0.03689160197973251,0.15679652094841004,79.0,168,0.47023809523809523,473.36863833098323,0.002110729839552114,0.47023809523809523,0.5297619047619048,450.9986819571471,0.002215266828963992,926,0,0.6104734259365197,0.9060048700318261,10,3497.7967858825928,6,12,1.0,
NF_FQ_ar5132_s2015-02-01T09:12:00_e2015-02-01T21:00:00,1,NF,0,FL,0,FL,True,5,5,0.0367607094347477,0.15658678412437438,74.0,168,0.4404761904761905,698.0563899432831,0.0014305521028800587,0.4404761904761905,0.5595238095238095,657.6008144355628,0.0015184319813622425,926,0,0.6908590122130711,0.8940788321515226,10,865.8612954093384,6,12,1.0,
NF_FQ_ar5132_s2015-02-01T12:12:00_e2015-02-02T00:00:00,1,NF,0,FL,0,FL,True,5,5,0.023911440372467042,0.12415781766176223,74.0,168,0.4404761904761905,504.4013394966787,0.0019818556949029293,0.4404761904761905,0.5595238095238095,493.7672375460678,0.0020245949068289832,885,0,0.0026943084922813687,0.6493491713164664,10,3326.2304035148277,6,12,1.0,
NF_FQ_ar5140_s2015-02-01T15:12:00_e2015-02-02T03:00:00,1,NF,0,FL,0,FL,True,5,5,0.032427067309617995,0.14301908314228057,60.8,168,0.3619047619047619,316.952815199665,0.0036933077383320898,0.3619047619047619,0.638095238095238,314.7549628983423,0.003694521558848534,34,0,0.4889753096527083,0.8120964535045438,10,45717.48136005596,6,12,1.0,
NF_FQ_ar5140_s2015-02-01T18:12:00_e2015-02-02T06:00:00,1,NF,0,FL,0,FL,True,5,5,0.028434676676988603,0.12887210249900818,70.2,168,0.41785714285714287,422.05392532217974,0.0024556107700186448,0.41785714285714287,0.5821428571428571,405.3176796849438,0.002562272679960154,880,0,0.609757900276434,0.9374897971135691,10,81569.20558698392,6,12,1.0,
NF_FQ_ar5131_s2015-02-01T21:12:00_e2015-02-02T09:00:00,1,NF,0,FL,0,FL,True,5,5,0.0290969330817461,0.13062498420476915,73.2,168,0.4357142857142858,438.37212570418086,0.002422631921103656,0.4357142857142858,0.5642857142857143,404.22987113033435,0.0026361287294322214,924,0,0.7521497068488153,0.9499843355348982,10,44112.82657491988,6,12,1.0,
NF_FQ_ar5114_s2015-02-02T00:12:00_e2015-02-02T12:00:00,1,NF,0,FL,0,FL,True,5,5,0.03674484491348266,0.15475156605243684,69.6,168,0.4142857142857143,545.5690133762089,0.0019350709439305684,0.4142857142857143,0.5857142857142856,532.0463684750016,0.0019797697093256197,921,0,0.6772282259327503,0.8940692161014969,10,79372.9932775787,6,12,1.0,
NF_FQ_ar5139_s2015-02-02T02:48:00_e2015-02-02T14:36:00,1,NF,0,FL,0,FL,True,5,5,0.020393029600381852,0.11502788662910461,59.0,168,0.35119047619047616,516.1968025853987,0.0019334999661909686,0.35119047619047616,0.6488095238095238,512.8549548522059,0.0019460744529363988,922,0,0.2820448950143529,0.6397098285339866,10,2.1606384833793024,6,12,1.0,
NF_FQ_ar5113_s2015-02-02T05:48:00_e2015-02-02T17:36:00,1,NF,0,FL,0,FL,True,5,5,0.027767744660377503,0.1271012619137764,48.0,168,0.2857142857142857,388.58167235698824,0.002572439823233711,0.2857142857142857,0.7142857142857142,383.60314688128335,0.0026110110565136175,921,0,0.7296131887318119,0.9473263489730577,10,58658.38250726545,6,12,1.0,
NF_FQ_ar5130_s2015-02-02T11:36:00_e2015-02-02T23:24:00,1,NF,0,FL,0,FL,True,5,5,0.03520946688950062,0.1498652994632721,66.0,168,0.3928571428571429,485.7623829179176,0.0020637997018268695,0.3928571428571429,0.6071428571428572,481.8835403195224,0.002078474985168682,879,0,0.3247646182278234,0.749449536428844,10,47544.66264249032,6,12,1.0,
NF_FQ_ar5131_s2015-02-02T15:12:00_e2015-02-03T03:00:00,1,NF,0,FL,0,FL,True,5,5,0.03777068480849266,0.1577206254005432,82.2,168,0.4892857142857142,561.4265013579613,0.00177805358289277,0.4892857142857142,0.5107142857142857,535.6681062263917,0.0018633558198995262,894,0,0.6163412919051932,0.9062951952157675,10,588.3897014221727,6,12,1.0,
NF_FQ_ar5138_s2015-02-02T18:24:00_e2015-02-03T06:12:00,1,NF,0,FL,0,FL,True,5,5,0.02899441495537758,0.13636986017227173,75.8,168,0.4511904761904762,519.1717179532998,0.0020098883529168225,0.4511904761904762,0.5488095238095239,502.28981671106396,0.0020709500852494865,924,0,0.8642310730803467,0.963082389581221,10,95682.46560625108,6,12,1.0,
NF_FQ_ar5139_s2015-02-02T21:48:00_e2015-02-03T09:36:00,1,NF,0,FL,0,FL,True,5,5,0.022531092166900635,0.12209143787622452,66.8,168,0.39761904761904765,557.060167508667,0.0017995196346268696,0.39761904761904765,0.6023809523809525,521.5340968024727,0.0019225151441730822,918,0,0.5194379523111577,0.8576914986554941,10,49691.31002324101,6,12,1.0,
NF_FQ_ar5150_s2015-02-03T01:12:00_e2015-02-03T13:00:00,1,NF,0,FL,0,FL,True,5,5,0.018057491257786752,0.10317199379205703,58.8,168,0.35,360.03050672273605,0.003101635769793093,0.35,0.65,358.7668540332931,0.0031074113408096787,1550,0,0.8037837905134816,0.9551873694030367,10,70774.70322847363,6,12,1.0,
NF_FQ_ar5135_s2015-02-03T05:00:00_e2015-02-03T16:48:00,1,NF,0,FL,0,FL,True,5,5,0.03793603777885437,0.14798468649387359,64.4,168,0.3833333333333333,488.1035009985324,0.002083397102862923,0.3833333333333333,0.6166666666666667,471.2374891099689,0.0021463546601094927,921,0,0.6091133455940172,0.9370679287391788,10,88778.99301680636,6,12,1.0,
NF_FQ_ar5132_s2015-02-03T08:12:00_e2015-02-03T20:00:00,1,NF,0,FL,0,FL,True,5,5,0.011872607655823231,0.08825356811285019,66.2,168,0.3940476190476191,312.0717727518612,0.003983084779657592,0.3940476190476191,0.605952380952381,296.7303801822837,0.004078599568557871,699,0,0.40505712912843433,0.8257571665984671,10,39332.42956215081,6,12,1.0,
NF_FQ_ar5150_s2015-02-03T11:12:00_e2015-02-03T23:00:00,1,NF,0,FL,0,FL,True,5,5,0.03496384248137474,0.14778490662574767,52.6,168,0.3130952380952381,492.05873523032295,0.0020461822427861936,0.3130952380952381,0.6869047619047619,491.1194383105103,0.002049789159383417,695,0,0.6761147396710651,0.9420533769766317,10,46552.839025830384,6,12,1.0,
NF_FQ_ar5130_s2015-02-03T17:36:00_e2015-02-04T05:24:00,1,NF,0,FL,0,FL,True,5,5,0.02113903909921646,0.1193246841430664,79.0,168,0.47023809523809523,633.202387145231,0.001576870947155975,0.47023809523809523,0.5297619047619048,573.048932411348,0.0017421288447374763,895,0,0.28400767958415096,0.718050341239853,10,797.6413620624147,6,12,1.0,
NF_C3.0@9825:Primary_ar5144_s2015-02-03T20:48:00_e2015-02-04T08:36:00,1,NF,0,FL,0,FL,True,5,5,0.01714534293860197,0.0958886981010437,33.8,168,0.2011904761904762,241.81884118229155,0.004573390734662609,0.2011904761904762,0.7988095238095239,242.367225926743,0.004561048444883292,441,0,0.8151959335710782,0.9569287911153695,10,61192.71922774237,6,12,1.0,
NF_FQ_ar5113_s2015-02-03T23:48:00_e2015-02-04T11:36:00,1,NF,0,FL,0,FL,True,5,5,0.02421553023159504,0.12118713855743408,48.4,168,0.28809523809523807,476.52514516630316,0.0021351531861571746,0.28809523809523807,0.7119047619047618,474.26680989495236,0.002141033361283181,68,0,0.7504250590554455,0.9499438156317601,10,42714.91274481629,6,12,1.0,
NF_FQ_ar5132_s2015-02-04T20:12:00_e2015-02-05T08:00:00,1,NF,0,FL,0,FL,True,5,5,0.014536397345364094,0.08899557143449784,67.4,168,0.4011904761904762,364.88757002785076,0.0028321444454702076,0.4011904761904762,0.5988095238095239,345.4948290724355,0.0029938176143490093,895,0,0.5739001123365246,0.8715890095015606,10,60347.603877279886,6,12,1.0,
NF_FQ_ar5135_s2015-02-04T23:00:00_e2015-02-05T10:48:00,1,NF,0,FL,0,FL,True,5,5,0.037395920231938364,0.15510929226875306,69.4,168,0.4130952380952381,582.980991094984,0.0018191485624645004,0.4130952380952381,0.5869047619047618,568.8960340925956,0.0018526680006288043,911,0,0.9156888166290682,0.9705237572845509,10,92152.9242337098,6,12,1.0,
NF_FQ_ar5135_s2015-02-05T02:00:00_e2015-02-05T13:48:00,1,NF,0,FL,0,FL,True,5,5,0.02872866578400135,0.13770195543766023,59.0,168,0.35119047619047616,517.3272614062405,0.0019366853861809293,0.35119047619047616,0.6488095238095238,500.477235061515,0.0020037930325156124,926,0,0.5494542795625634,0.8672539920365642,10,54445.30212619344,6,12,1.0,
NF_FQ_ar5135_s2015-02-05T05:00:00_e2015-02-05T16:48:00,1,NF,0,FL,0,FL,True,5,5,0.025178270787000655,0.11952793300151825,58.4,168,0.3476190476190476,513.8592084559689,0.0019693513993032956,0.3476190476190476,0.6523809523809524,492.4167045007948,0.0020620973250313297,922,0,0.5764268935755202,0.9018031045215618,10,79906.59569527574,6,12,1.0,
NF_FQ_ar5132_s2015-02-05T08:12:00_e2015-02-05T20:00:00,1,NF,0,FL,0,FL,True,5,5,0.02909841053187847,0.13404027074575425,74.2,168,0.4416666666666666,512.7072016434139,0.0020694452684974934,0.4416666666666666,0.5583333333333333,497.84339407451444,0.002151774462518694,924,0,1.0004976156584593,0.9998191317973721,10,66264.185595801,6,12,1.0,
NF_C1.1@9829:Primary_ar5151_s2015-02-05T11:24:00_e2015-02-05T23:12:00,1,NF,0,FL,0,FL,True,5,5,0.006215084716677666,0.054558537900447845,14.8,168,0.08809523809523809,120.56285879140262,0.008343348556507433,0.08809523809523809,0.9119047619047619,121.14809741241268,0.008302401493178204,734,0,0.6403615405725447,0.9130702928027886,10,17880.518967757453,6,12,1.0,
NF_FQ_ar5152_s2015-02-05T15:12:00_e2015-02-06T03:00:00,1,NF,0,FL,0,FL,True,5,5,0.04619182720780372,0.17531737685203552,69.0,168,0.41071428571428575,506.1525865535908,0.0019718873395966605,0.41071428571428575,0.5892857142857142,504.5557369898597,0.0019780957901370673,877,0,0.6828429364657614,0.8945425080919676,10,742.2590808178551,6,12,1.0,
NF_FQ_ar5140_s2015-02-05T19:12:00_e2015-02-06T07:00:00,1,NF,0,FL,0,FL,True,5,5,0.03377478122711182,0.15048595070838927,58.0,168,0.34523809523809523,687.0839126869856,0.001453322325816581,0.34523809523809523,0.6547619047619048,664.8752898773333,0.0015017936740037484,926,0,0.0019295151861696558,0.7006746405860721,10,393.58992461524946,6,12,1.0,
NF_FQ_ar5173_s2015-02-05T22:12:00_e2015-02-06T10:00:00,1,NF,0,FL,0,FL,True,5,5,0.03904047831892967,0.16078118085861207,62.6,168,0.3726190476190476,719.9415225232467,0.0014072695080496256,0.3726190476190476,0.6273809523809524,706.2418483826572,0.0014316230937550477,880,0,0.7736571507379432,0.9513019291958489,10,41211.05075239786,6,12,1.0,
NF_FQ_ar5140_s2015-02-06T05:12:00_e2015-02-06T17:00:00,1,NF,0,FL,0,FL,True,5,5,0.032675179466605184,0.14594463706016542,66.4,168,0.3952380952380953,616.0069227844297,0.0016344297369964365,0.3952380952380953,0.6047619047619047,590.1630070637403,0.0017080107912849237,890,0,0.7320867595337993,0.9254513011888137,10,77448.96975168008,6,12,1.0,
NF_FQ_ar5154_s2015-02-06T08:12:00_e2015-02-06T20:00:00,1,NF,0,FL,0,FL,True,5,5,0.01877909079194069,0.11046591252088547,74.8,168,0.44523809523809527,423.354449240377,0.0023744358118147906,0.44523809523809527,0.5547619047619048,401.7516178103023,0.0024945215445949507,909,0,0.45843335082986797,0.8866434336593428,10,51461.39493609806,6,12,1.0,
NF_FQ_ar5152_s2015-02-06T11:12:00_e2015-02-06T23:00:00,1,NF,0,FL,0,FL,True,5,5,0.033930635824799535,0.14695089161396027,69.8,168,0.41547619047619044,623.9124287500998,0.0016233011743733052,0.41547619047619044,0.5845238095238094,588.4349504401566,0.0017276670409400563,885,0,1.000439014022394,0.999086318304646,10,74183.75532017456,6,12,1.0,
NF_FQ_ar5152_s2015-02-06T14:12:00_e2015-02-07T02:00:00,1,NF,0,FL,0,FL,True,5,5,0.03302762135863304,0.14779821336269378,76.2,168,0.45357142857142857,455.5570169651161,0.0022338146740185074,0.45357142857142857,0.5464285714285715,445.83562956836823,0.00226956407653945,697,0,0.32795558487819315,0.8555917972702674,10,51582.82229143691,6,12,1.0,
NF_FQ_ar5150_s2015-02-06T17:12:00_e2015-02-07T05:00:00,1,NF,0,FL,0,FL,True,5,5,0.042078030109405515,0.16409583389759064,64.6,168,0.3845238095238095,618.9867456152845,0.0018769975757388913,0.3845238095238095,0.6154761904761905,593.7945147362104,0.0019255297782990479,870,0,0.30617307677569783,0.8710132785336091,10,63879.079613523834,6,12,1.0,
NF_FQ_ar5135_s2015-02-06T20:00:00_e2015-02-07T07:48:00,1,NF,0,FL,0,FL,True,5,5,0.0374985508620739,0.1534980833530426,71.0,168,0.4226190476190476,595.0180297552529,0.0016887859649246065,0.4226190476190476,0.5773809523809523,581.5457469588985,0.001726994119231557,842,0,0.35598112052772224,0.8768120952033991,10,36963.5111838479,6,12,1.0,
NF_C1.9@9835:Primary_ar5144_s2015-02-06T22:48:00_e2015-02-07T10:36:00,1,NF,0,FL,0,FL,True,5,5,0.008795300498604774,0.0652936726808548,20.0,168,0.11904761904761904,38.52810433275912,0.025298458258353845,0.11904761904761904,0.880952380952381,39.236044842271156,0.024853337666089485,86,0,0.32156541248594156,0.6890083495529874,10,2.889471888646017,6,12,1.0,
NF_FQ_ar5157_s2015-02-07T04:12:00_e2015-02-07T16:00:00,1,NF,0,FL,0,FL,True,5,5,0.0284849438816309,0.13340954780578612,67.6,168,0.4023809523809524,513.4687460537916,0.0019745806647178494,0.4023809523809524,0.5976190476190476,497.3888948619542,0.0020398717055616885,879,0,0.658889006003089,0.9410850900177563,10,84778.87309147939,6,12,1.0,
NF_FQ_ar5178_s2015-02-07T06:48:00_e2015-02-07T18:36:00,1,NF,0,FL,0,FL,True,5,5,0.0420604296028614,0.15688950419425965,65.0,168,0.38690476190476186,548.1145908390761,0.0018302472024441564,0.38690476190476186,0.6130952380952381,530.8358084274084,0.0018920405003446153,891,0,0.2678152334065314,0.7187304561889718,10,47473.36430597336,6,12,1.0,
NF_FQ_ar5159_s2015-02-07T09:12:00_e2015-02-07T21:00:00,1,NF,0,FL,0,FL,True,5,5,0.024890769645571707,0.12450521290302277,78.4,168,0.4666666666666666,510.0876176537687,0.002045899122027653,0.4666666666666666,0.5333333333333333,499.7586055581613,0.0020795110205087336,886,0,0.9928411692332759,0.9912404092720248,10,87352.17352150107,6,12,1.0,
NF_FQ_ar5181_s2015-02-07T11:48:00_e2015-02-07T23:36:00,1,NF,0,FL,0,FL,True,5,5,0.009718810953199864,0.07926789373159408,71.0,168,0.4226190476190476,354.58281693456377,0.0028187820737332805,0.4226190476190476,0.5773809523809523,345.547313973054,0.0028919029897876963,1604,0,0.4137974707327919,0.8493599277589698,10,3550.7370313691304,6,12,1.0,
NF_FQ_ar5141_s2015-02-07T14:24:00_e2015-02-08T02:12:00,1,NF,0,FL,0,FL,True,5,5,0.047017617523670195,0.1709210306406021,69.4,168,0.4130952380952381,754.4322446452896,0.0014765968296054106,0.4130952380952381,0.5869047619047618,717.5707394808359,0.001534330953581825,894,0,0.5034096731649013,0.8576981642917438,10,76763.18646479535,6,12,1.0,
NF_FQ_ar5152_s2015-02-07T17:12:00_e2015-02-08T05:00:00,1,NF,0,FL,0,FL,True,5,5,0.03606542125344277,0.15538405478000641,70.8,168,0.42142857142857143,592.8239002059167,0.0016916511284331235,0.42142857142857143,0.5785714285714286,582.2610865707674,0.0017211283042706297,926,0,0.6301968075194242,0.8832513374620828,10,82200.08561692681,6,12,1.0,
NF_FQ_ar5182_s2015-02-07T19:48:00_e2015-02-08T07:36:00,1,NF,0,FL,0,FL,True,5,5,0.027066216617822648,0.1315259665250778,75.2,168,0.44761904761904764,688.4192104395858,0.0014506933661706102,0.44761904761904764,0.5523809523809524,634.4766864655894,0.0015736670173087763,895,0,0.08133400942216876,0.7066134208593938,10,32833.415096039425,6,12,1.0,
NF_FQ_ar5141_s2015-02-08T04:24:00_e2015-02-08T16:12:00,1,NF,0,FL,0,FL,True,5,5,0.011644603870809078,0.0867734670639038,64.6,168,0.3845238095238095,244.86374057627685,0.004067439141673932,0.3845238095238095,0.6154761904761905,242.58663222521045,0.004105449402065977,867,0,0.2989037102557099,0.7268976678780723,10,246.85609900772866,6,12,1.0,
NF_FQ_ar5161_s2015-02-08T07:12:00_e2015-02-08T19:00:00,1,NF,0,FL,0,FL,True,5,5,0.031030675768852232,0.14320290982723236,63.8,168,0.37976190476190474,520.8723064674925,0.0019432986036797544,0.37976190476190474,0.6202380952380953,502.86928020984385,0.0020114381338867024,842,0,0.9120891125198427,0.9702353555960871,10,76931.19160775375,6,12,1.0,
NF_FQ_ar5172_s2015-02-08T10:24:00_e2015-02-08T22:12:00,1,NF,0,FL,0,FL,True,5,5,0.02605898603796959,0.12588637173175812,74.6,168,0.4440476190476191,569.6368678943487,0.0019972164566187983,0.4440476190476191,0.555952380952381,528.5559457314785,0.0022395353703648585,885,0,0.5596144919994663,0.8861998175630381,10,82373.86062676123,6,12,1.0,
NF_FQ_ar5150_s2015-02-08T14:12:00_e2015-02-09T02:00:00,1,NF,0,FL,0,FL,True,5,5,0.04809222370386124,0.1752062827348709,70.0,168,0.4166666666666667,689.2420643369403,0.0014487726575021856,0.4166666666666667,0.5833333333333333,652.3654123568087,0.0015305416472243469,926,0,0.6771862678445936,0.8982632192441519,10,266.39611222930887,6,12,1.0,
NF_FQ_ar5163_s2015-02-08T17:36:00_e2015-02-09T05:24:00,1,NF,0,FL,0,FL,True,5,5,0.019690027460455894,0.10518445670604706,38.4,168,0.2285714285714286,429.59041836608486,0.0024026051805031215,0.2285714285714286,0.7714285714285714,429.4573133184098,0.002402186916379138,440,0,1.0005000986772719,0.9999887854288311,10,94273.35025266586,6,12,1.0,
NF_FQ_ar5157_s2015-02-08T21:12:00_e2015-02-09T09:00:00,1,NF,0,FL,0,FL,True,5,5,0.033375959098339084,0.14704251587390899,60.0,168,0.35714285714285715,695.6502483687075,0.0014354638544231424,0.35714285714285715,0.6428571428571428,674.7304752224159,0.001479904934473026,926,0,0.24319518477986257,0.857546750391205,10,632.9140846570016,6,12,1.0,
NF_FQ_ar5163_s2015-02-09T00:36:00_e2015-02-09T12:24:00,1,NF,0,FL,0,FL,True,5,5,0.016494075767695904,0.09572725743055344,36.6,168,0.2178571428571429,293.0827640132935,0.003494444994029229,0.2178571428571429,0.7821428571428571,293.44411934581456,0.0034902661282504312,1582,0,0.5706659638674608,0.9013522885529172,10,34322.141734767516,6,12,1.0,
NF_FQ_ar5151_s2015-02-09T04:24:00_e2015-02-09T16:12:00,1,NF,0,FL,0,FL,True,5,5,0.013769185729324817,0.08342197388410569,23.6,168,0.14047619047619048,243.00733288492702,0.005209030437450779,0.14047619047619048,0.8595238095238095,243.6085583513725,0.005188581558274634,440,0,0.7194883119785432,0.9230786490125485,10,44156.03083736931,6,12,1.0,
NF_FQ_ar5157_s2015-02-09T08:12:00_e2015-02-09T20:00:00,1,NF,0,FL,0,FL,True,5,5,0.02577023394405842,0.1214738592505455,72.8,168,0.4333333333333333,521.0464376873572,0.0019464245706098914,0.4333333333333333,0.5666666666666667,495.24885131976515,0.0020623728037570802,886,0,0.7668437581025405,0.9496009071358994,10,39324.220351628435,6,12,1.0,
NF_FQ_ar5152_s2015-02-09T12:12:00_e2015-02-10T00:00:00,1,NF,0,FL,0,FL,True,5,5,0.03648268580436707,0.14551704227924347,69.4,168,0.4130952380952381,534.608958960878,0.0019256663619048506,0.4130952380952381,0.5869047619047618,527.3101914478441,0.0019418015078483647,923,0,0.3360798893191643,0.757961514347693,10,45393.12932301323,6,12,1.0,
NF_FQ_ar5172_s2015-02-09T15:24:00_e2015-02-10T03:12:00,1,NF,0,FL,0,FL,True,5,5,0.02715519182384014,0.12714042216539384,73.0,168,0.4345238095238095,427.9652136560156,0.0023393984442828613,0.4345238095238095,0.5654761904761905,425.8774052904185,0.0023500185912651707,1576,0,0.6925386500260053,0.9437982177046625,10,5447.184877692664,6,12,1.0,
NF_FQ_ar5151_s2015-02-09T19:24:00_e2015-02-10T07:12:00,1,NF,0,FL,0,FL,True,5,5,0.011057720519602299,0.08578223139047622,21.0,168,0.125,140.6540033100443,0.007633285520228706,0.125,0.875,141.24887804949523,0.007596031298538558,85,0,0.6399582339831029,0.9147544374961795,10,8503.004121138307,6,12,1.0,
NF_FQ_ar5191_s2015-02-10T03:12:00_e2015-02-10T15:00:00,1,NF,0,FL,0,FL,True,5,5,0.028085725009441377,0.12243592888116836,81.0,168,0.4821428571428571,522.267009437516,0.0019111055648358868,0.4821428571428571,0.5178571428571428,493.146565707223,0.0020236991839097085,884,0,0.0858880351827291,0.839776504685644,10,507.2548266846651,6,12,1.0,
NF_FQ_ar5191_s2015-02-10T07:12:00_e2015-02-10T19:00:00,1,NF,0,FL,0,FL,True,5,5,0.03489172756671906,0.1462246835231781,73.0,168,0.4345238095238095,600.5786757281037,0.0016668799007645042,0.4345238095238095,0.5654761904761905,580.0526836251207,0.0017248303661374855,888,0,0.29142477601281336,0.870841170623456,10,87939.37927356067,6,12,1.0,
NF_FQ_ar5163_s2015-02-10T11:36:00_e2015-02-10T23:24:00,1,NF,0,FL,0,FL,True,5,5,0.0066002290695905685,0.06433107107877731,30.0,168,0.17857142857142858,207.28211022076667,0.004801180474086369,0.17857142857142858,0.8214285714285714,207.88419860265918,0.004787341535402675,33,0,0.06945646244393351,0.4981627615897206,10,1.2402510586886613,6,12,1.0,
NF_FQ_ar5151_s2015-02-10T16:24:00_e2015-02-11T04:12:00,1,NF,0,FL,0,FL,True,5,5,0.02349783256649971,0.10954109355807304,50.4,168,0.3,374.5054296063409,0.0035800692416385533,0.3,0.7,368.65928543122834,0.0036937000028881744,842,0,0.7736746955835134,0.9523704284596617,10,78643.84833823131,6,12,1.0,
NF_FQ_ar5189_s2015-02-10T21:12:00_e2015-02-11T09:00:00,1,NF,0,FL,0,FL,True,5,5,0.01947040148079395,0.1078919678926468,77.4,168,0.46071428571428574,453.3172600028828,0.0022357250471776403,0.46071428571428574,0.5392857142857143,425.0156631634803,0.0023823855522263205,892,0,0.5189022501268948,0.867813463751137,10,28919.305140399694,6,12,1.0,
NF_FQ_ar5183_s2015-02-11T02:12:00_e2015-02-11T14:00:00,1,NF,0,FL,0,FL,True,5,5,0.03471497595310211,0.15269068479537964,61.0,168,0.3630952380952381,268.4581953577476,0.0037116896805403886,0.3630952380952381,0.6369047619047619,268.82826063158353,0.0037065969811080346,441,0,0.5170286277636316,0.8582945691417467,10,642.2786910046445,6,12,1.0,
NF_FQ_ar5172_s2015-02-11T06:24:00_e2015-02-11T18:12:00,1,NF,0,FL,0,FL,True,5,5,0.014149222429841757,0.09244471490383148,77.2,168,0.4595238095238095,458.17394655581484,0.0024428992473670306,0.4595238095238095,0.5404761904761906,422.1325214657025,0.002683310455086284,890,0,0.4901312076278476,0.9280377495800988,10,57414.70748461488,6,12,1.0,
NF_FQ_ar5151_s2015-02-11T10:24:00_e2015-02-11T22:12:00,1,NF,0,FL,0,FL,True,5,5,0.024577457830309866,0.12373088598251343,51.4,168,0.3059523809523809,409.83226798194545,0.002606512035919206,0.3059523809523809,0.694047619047619,399.99344249266966,0.0026462929609918037,18,0,0.0870283542000664,0.9043846793298969,10,71021.11915293902,6,12,1.0,
NF_FQ_ar5189_s2015-02-11T14:12:00_e2015-02-12T02:00:00,1,NF,0,FL,0,FL,True,5,5,0.03357241079211235,0.13731334805488588,63.6,168,0.37857142857142856,553.0964791772557,0.001804802774952144,0.37857142857142856,0.6214285714285714,535.1232979631413,0.0018652818769495348,889,0,0.6625811826918289,0.8741378324988569,10,552.1271215648662,6,12,1.0,
NF_FQ_ar5152_s2015-02-11T18:12:00_e2015-02-12T06:00:00,1,NF,0,FL,0,FL,True,5,5,0.033418101444840434,0.14943222105503082,78.6,168,0.46785714285714286,521.0134899950408,0.0019249100540354815,0.46785714285714286,0.5321428571428571,505.1613512817791,0.001985772415205155,924,0,0.764894962881305,0.9514594960090653,10,95021.08028249617,6,12,1.0,
NF_FQ_ar5152_s2015-02-12T09:12:00_e2015-02-12T21:00:00,1,NF,0,FL,0,FL,True,5,5,0.022233624756336213,0.11043434292078018,67.6,168,0.4023809523809524,393.57267132473964,0.004221566048947476,0.4023809523809524,0.5976190476190476,382.94462171227144,0.004274235446151304,886,0,0.6164966027009219,0.8825877158719779,10,79693.63109731261,6,12,1.0,
NF_FQ_ar5204_s2015-02-12T16:00:00_e2015-02-13T03:48:00,1,NF,0,FL,0,FL,True,5,5,0.031546850502490995,0.142246812582016,58.2,168,0.3464285714285714,531.1954720456063,0.002465645213280775,0.3464285714285714,0.6535714285714286,508.9916741471035,0.002594118515461613,926,0,0.28303846982483405,0.7873495266524558,10,62720.51945386728,6,12,1.0,
NF_FQ_ar5198_s2015-02-12T23:36:00_e2015-02-13T11:24:00,1,NF,0,FL,0,FL,True,5,5,0.030502549558877944,0.13975233733654022,64.4,168,0.38333333333333336,453.7087223076758,0.0022088337737839704,0.38333333333333336,0.6166666666666666,449.1264127135729,0.0022329006115461318,924,0,0.3573864904635117,0.8300057976844407,10,65206.372542191166,6,12,1.0,
NF_FQ_ar5204_s2015-02-13T04:00:00_e2015-02-13T15:48:00,1,NF,0,FL,0,FL,True,5,5,0.019509098771959544,0.10271451324224472,78.2,168,0.4654761904761905,387.541485635385,0.003089720486204779,0.4654761904761905,0.5345238095238095,374.8684020321467,0.003260667173287044,918,0,0.19394423650369588,0.756473072285426,10,52856.19359558708,6,12,1.0,
NF_FQ_ar5151_s2015-02-13T07:24:00_e2015-02-13T19:12:00,1,NF,0,FL,0,FL,True,5,5,0.03202342726290226,0.13843404948711396,73.2,168,0.4357142857142858,576.0644802163534,0.0018500319189416574,0.4357142857142858,0.5642857142857143,560.7734234211488,0.001891065323939535,30,0,1.0004847408600408,0.9995820209678549,10,95373.6606421041,6,12,1.0,
NF_FQ_ar5198_s2015-02-13T10:36:00_e2015-02-13T22:24:00,1,NF,0,FL,0,FL,True,5,5,0.03449005112051964,0.14825147688388823,58.2,168,0.3464285714285714,577.6100661223588,0.00177537827730904,0.3464285714285714,0.6535714285714286,566.9492035929198,0.0018115326825066734,925,0,0.7736599035394224,0.9513886157609416,10,59169.91357530574,6,12,1.0,
NF_FQ_ar5204_s2015-02-13T14:00:00_e2015-02-14T01:48:00,1,NF,0,FL,0,FL,True,5,5,0.037084638327360156,0.15130074322223663,68.0,168,0.40476190476190477,433.50856609848813,0.0023015067273547754,0.40476190476190477,0.5952380952380952,429.1131134014757,0.0023250270551121318,1610,0,0.17988550949148024,0.6800064086109053,10,362.41947640430084,6,12,1.0,
NF_B6.9@9871:Primary_ar5212_s2015-02-13T17:24:00_e2015-02-14T05:12:00,1,NF,0,FL,0,FL,True,5,5,0.03818479105830193,0.14939843714237214,59.8,168,0.3559523809523809,535.1883434615354,0.0018668920081266285,0.3559523809523809,0.644047619047619,527.7409242480267,0.0018924949313998806,869,0,0.48707820867904916,0.7999452509705473,10,56264.38356334872,6,12,1.0,
NF_FQ_ar5163_s2015-02-13T20:36:00_e2015-02-14T08:24:00,1,NF,0,FL,0,FL,True,5,5,0.0055581779219210144,0.04812629148364067,14.2,168,0.08452380952380953,83.79341273951715,0.048426323208191416,0.08452380952380953,0.9154761904761906,84.4044299425548,0.04632919246541297,70,0,1.0004937691969475,0.9996721894955908,10,21740.735817661516,6,12,1.0,
NF_FQ_ar5204_s2015-02-14T00:00:00_e2015-02-14T11:48:00,1,NF,0,FL,0,FL,True,5,5,0.014143392071127891,0.09000875949859619,74.6,168,0.4440476190476191,363.93653666204966,0.0027430236168795126,0.4440476190476191,0.555952380952381,356.6352900212678,0.002797432084339842,1610,0,0.9259328547220774,0.9723290480624032,10,27776.80458108321,6,12,1.0,
NF_FQ_ar5172_s2015-02-14T03:24:00_e2015-02-14T15:12:00,1,NF,0,FL,0,FL,True,5,5,0.01767916399985552,0.10712218880653382,78.6,168,0.46785714285714286,364.62922545896674,0.0027934561928295355,0.46785714285714286,0.5321428571428573,335.41846973384713,0.0030265146387619666,891,0,0.992026187482996,0.990770011884618,10,55012.59890994082,6,12,1.0,
NF_FQ_ar5183_s2015-02-14T07:12:00_e2015-02-14T19:00:00,1,NF,0,FL,0,FL,True,5,5,0.031718237698078154,0.14266651570796968,85.2,168,0.5071428571428571,656.2507623505073,0.0016222264501245536,0.5071428571428571,0.4928571428571429,611.3094389742595,0.001748175955041123,885,0,0.8328805989839224,0.9408620145731332,10,93604.02872560741,6,12,1.0,
NF_FQ_ar5215_s2015-02-14T10:48:00_e2015-02-14T22:36:00,1,NF,0,FL,0,FL,True,5,5,0.04538279324769974,0.17005636692047119,78.8,168,0.46904761904761905,736.7568729920362,0.001355612894462534,0.46904761904761905,0.530952380952381,713.8554568765386,0.0013989336646756977,892,0,0.4941148274167944,0.8340654224358433,10,67934.719417241,6,12,1.0,
