forecast_lag_min,window_size,top_percent,top_percent_label,input_start,input_end,total_features,selected_feature_count,selected_feature_fraction,feature_count_cumimp_gt50,cumimp_reached_at_gt50,train_accuracy,train_f1,train_precision,train_recall,train_tss,train_hss,train_css,val_accuracy,val_f1,val_precision,val_recall,val_tss,val_hss,val_css,test_accuracy,test_f1,test_precision,test_recall,test_tss,test_hss,test_css
5,45,0.05,5%,355,715,1472,74,0.050271739130434784,10,0.5068001682301151,1.0,1.0,1.0,1.0,1.0,1.0,1.0,0.9845995893223819,0.9090909090909091,0.8823529411764706,0.9375,0.9263143176733781,0.9006865610767453,0.8333333333333334,0.9837310195227765,0.9122807017543859,0.896551724137931,0.9285714285714286,0.9178315717695193,0.9033178138500901,0.8387096774193549
5,45,0.1,10%,355,715,1472,148,0.10054347826086957,13,0.5172949346457689,1.0,1.0,1.0,1.0,1.0,1.0,1.0,0.9835728952772074,0.9024390243902439,0.8809523809523809,0.925,0.9138143176733782,0.8934762399518784,0.8222222222222222,0.9793926247288504,0.8888888888888888,0.8735632183908046,0.9047619047619048,0.8916354131151267,0.8775358975434475,0.8
5,45,0.15,15%,355,715,1472,221,0.15013586956521738,13,0.505644079253011,1.0,1.0,1.0,1.0,1.0,1.0,1.0,0.9825462012320328,0.8994082840236687,0.8539325842696629,0.95,0.9354586129753915,0.8898820212016014,0.8172043010752689,0.9793926247288504,0.8888888888888888,0.8735632183908046,0.9047619047619048,0.8916354131151267,0.8775358975434475,0.8
5,45,0.25,25%,355,715,1472,368,0.25,16,0.5042604067723626,1.0,1.0,1.0,1.0,1.0,1.0,1.0,0.9856262833675564,0.9146341463414634,0.8928571428571429,0.9375,0.9274328859060401,0.9067917099578936,0.8426966292134831,0.9804772234273319,0.8953488372093024,0.875,0.9166666666666666,0.9035401750198886,0.8845897079276773,0.8105263157894737
5,45,0.5,50%,355,715,1472,736,0.5,20,0.5051379308751809,1.0,1.0,1.0,1.0,1.0,1.0,1.0,0.9825462012320328,0.896969696969697,0.8705882352941177,0.925,0.912695749440716,0.8874447692203113,0.8131868131868132,0.9793926247288504,0.8888888888888888,0.8735632183908046,0.9047619047619048,0.8916354131151267,0.8775358975434475,0.8
5,45,1.0,100%,355,715,1472,1472,1.0,26,0.5088297259204748,1.0,1.0,1.0,1.0,1.0,1.0,1.0,0.9825462012320328,0.896969696969697,0.8705882352941177,0.925,0.912695749440716,0.8874447692203113,0.8131868131868132,0.9793926247288504,0.8888888888888888,0.8735632183908046,0.9047619047619048,0.8916354131151267,0.8775358975434475,0.8
5,90,0.05,5%,355,715,1472,74,0.050271739130434784,11,0.500961222110112,1.0,1.0,1.0,1.0,1.0,1.0,1.0,0.9876796714579056,0.9285714285714286,0.8863636363636364,0.975,0.963814317673378,0.9218465817909489,0.8666666666666667,0.982646420824295,0.9069767441860465,0.8863636363636364,0.9285714285714286,0.916638254347085,0.897413073713491,0.8297872340425532
5,90,0.1,10%,355,715,1472,148,0.10054347826086957,16,0.5094596280611735,1.0,1.0,1.0,1.0,1.0,1.0,1.0,0.9897330595482546,0.9397590361445783,0.9069767441860465,0.975,0.9660514541387024,0.9341553770855304,0.8863636363636364,0.9837310195227765,0.9132947976878613,0.8876404494382022,0.9404761904761905,0.9285430162518469,0.9043264108914316,0.8404255319148937
5,90,0.15,15%,355,715,1472,221,0.15013586956521738,20,0.5078585090404598,1.0,1.0,1.0,1.0,1.0,1.0,1.0,0.9897330595482546,0.9390243902439024,0.9166666666666666,0.9625,0.9546700223713647,0.933422649969924,0.8850574712643678,0.982646420824295,0.9069767441860465,0.8863636363636364,0.9285714285714286,0.916638254347085,0.897413073713491,0.8297872340425532
5,90,0.25,25%,355,715,1472,368,0.25,19,0.5061638014192752,1.0,1.0,1.0,1.0,1.0,1.0,1.0,0.9897330595482546,0.9397590361445783,0.9069767441860465,0.975,0.9660514541387024,0.9341553770855304,0.8863636363636364,0.9848156182212582,0.9186046511627907,0.8977272727272727,0.9404761904761905,0.9297363336742812,0.9102364394993046,0.8494623655913979
5,90,0.5,50%,355,715,1472,736,0.5,24,0.5099258007701397,1.0,1.0,1.0,1.0,1.0,1.0,1.0,0.9897330595482546,0.9397590361445783,0.9069767441860465,0.975,0.9660514541387024,0.9341553770855304,0.8863636363636364,0.9837310195227765,0.9132947976878613,0.8876404494382022,0.9404761904761905,0.9285430162518469,0.9043264108914316,0.8404255319148937
5,90,1.0,100%,355,715,1472,1472,1.0,30,0.5090867278457198,1.0,1.0,1.0,1.0,1.0,1.0,1.0,0.9887063655030801,0.9341317365269461,0.896551724137931,0.975,0.9649328859060402,0.9279672982022079,0.8764044943820225,0.982646420824295,0.9069767441860465,0.8863636363636364,0.9285714285714286,0.916638254347085,0.897413073713491,0.8297872340425532
5,180,0.05,5%,355,715,1456,73,0.05013736263736264,16,0.51697490052681,1.0,1.0,1.0,1.0,1.0,1.0,1.0,0.9876796714579056,0.9259259259259259,0.9146341463414634,0.9375,0.9296700223713645,0.9192081178975309,0.8620689655172413,0.9793926247288504,0.8888888888888888,0.8735632183908046,0.9047619047619048,0.8916354131151267,0.8775358975434475,0.8
5,180,0.1,10%,355,715,1456,146,0.10027472527472528,19,0.5056041166583579,1.0,1.0,1.0,1.0,1.0,1.0,1.0,0.9876796714579056,0.9259259259259259,0.9146341463414634,0.9375,0.9296700223713645,0.9192081178975309,0.8620689655172413,0.9815618221258134,0.9017341040462428,0.8764044943820225,0.9285714285714286,0.9154449369246507,0.8915699323436225,0.8210526315789474
5,180,0.15,15%,355,715,1456,219,0.1504120879120879,22,0.5128610976498477,1.0,1.0,1.0,1.0,1.0,1.0,1.0,0.9835728952772074,0.9012345679012346,0.8902439024390244,0.9125,0.9024328859060402,0.8922774905300412,0.8202247191011236,0.982646420824295,0.9069767441860465,0.8863636363636364,0.9285714285714286,0.916638254347085,0.897413073713491,0.8297872340425532
5,180,0.25,25%,355,715,1456,364,0.25,23,0.5151494285439983,1.0,1.0,1.0,1.0,1.0,1.0,1.0,0.9845995893223819,0.9079754601226994,0.891566265060241,0.925,0.9149328859060404,0.8995752051800223,0.8314606741573034,0.9815618221258134,0.9017341040462428,0.8764044943820225,0.9285714285714286,0.9154449369246507,0.8915699323436225,0.8210526315789474
5,180,0.5,50%,355,715,1456,728,0.5,22,0.5004047376148066,1.0,1.0,1.0,1.0,1.0,1.0,1.0,0.9845995893223819,0.9079754601226994,0.891566265060241,0.925,0.9149328859060404,0.8995752051800223,0.8314606741573034,0.9815618221258134,0.9017341040462428,0.8764044943820225,0.9285714285714286,0.9154449369246507,0.8915699323436225,0.8210526315789474
5,180,1.0,100%,355,715,1456,1456,1.0,33,0.5019419492707551,1.0,1.0,1.0,1.0,1.0,1.0,1.0,0.9845995893223819,0.9079754601226994,0.891566265060241,0.925,0.9149328859060404,0.8995752051800223,0.8314606741573034,0.9815618221258134,0.9017341040462428,0.8764044943820225,0.9285714285714286,0.9154449369246507,0.8915699323436225,0.8210526315789474
5,360,0.05,5%,355,715,1448,73,0.05041436464088398,13,0.510661870675001,1.0,1.0,1.0,1.0,1.0,1.0,1.0,0.9804928131416838,0.8774193548387097,0.9066666666666666,0.85,0.8421700223713646,0.8668345686119306,0.7816091954022989,0.9815618221258134,0.896969696969697,0.9135802469135802,0.8809523809523809,0.8725991589953404,0.8868482984652257,0.8131868131868132
5,360,0.1,10%,355,715,1448,145,0.10013812154696132,16,0.5085685887817313,1.0,1.0,1.0,1.0,1.0,1.0,1.0,0.9804928131416838,0.8774193548387097,0.9066666666666666,0.85,0.8421700223713646,0.8668345686119306,0.7816091954022989,0.982646420824295,0.9036144578313253,0.9146341463414634,0.8928571428571429,0.8845039209001024,0.8940808179442259,0.8241758241758241
5,360,0.15,15%,355,715,1448,218,0.1505524861878453,22,0.5114910168140899,1.0,1.0,1.0,1.0,1.0,1.0,1.0,0.9804928131416838,0.8789808917197452,0.8961038961038961,0.8625,0.8535514541387026,0.8683765060669426,0.7840909090909091,0.9848156182212582,0.9166666666666666,0.9166666666666666,0.9166666666666666,0.9083134447096262,0.908313444709626,0.8461538461538461
5,360,0.25,25%,355,715,1448,362,0.25,23,0.5091190207048447,1.0,1.0,1.0,1.0,1.0,1.0,1.0,0.9815195071868583,0.8860759493670886,0.8974358974358975,0.875,0.8660514541387023,0.8760218369021017,0.7954545454545454,0.9848156182212582,0.9166666666666666,0.9166666666666666,0.9166666666666666,0.9083134447096262,0.908313444709626,0.8461538461538461
5,360,0.5,50%,355,715,1448,724,0.5,27,0.5036073156550978,1.0,1.0,1.0,1.0,1.0,1.0,1.0,0.9794661190965093,0.8734177215189873,0.8846153846153846,0.8625,0.8524328859060404,0.8622464854467796,0.7752808988764045,0.9837310195227765,0.9101796407185628,0.9156626506024096,0.9047619047619048,0.8964086828048643,0.9012354495465258,0.8351648351648352
5,360,1.0,100%,355,715,1448,1448,1.0,36,0.5070284156044256,1.0,1.0,1.0,1.0,1.0,1.0,1.0,0.9794661190965093,0.8734177215189873,0.8846153846153846,0.8625,0.8524328859060404,0.8622464854467796,0.7752808988764045,0.9837310195227765,0.9101796407185628,0.9156626506024096,0.9047619047619048,0.8964086828048643,0.9012354495465258,0.8351648351648352
15,45,0.05,5%,345,705,1472,74,0.050271739130434784,10,0.5066473480842442,1.0,1.0,1.0,1.0,1.0,1.0,1.0,0.9753593429158111,0.8518518518518519,0.8414634146341463,0.8625,0.8479586129753915,0.8384162357950617,0.7419354838709677,0.9761388286334056,0.8674698795180723,0.8780487804878049,0.8571428571428571,0.8452096829185134,0.8543611246733106,0.7659574468085106
15,45,0.1,10%,345,705,1472,148,0.10054347826086957,11,0.5261524761960196,1.0,1.0,1.0,1.0,1.0,1.0,1.0,0.9743326488706365,0.84472049689441,0.8395061728395061,0.85,0.8354586129753914,0.8307311579796183,0.7311827956989247,0.9761388286334056,0.8674698795180723,0.8780487804878049,0.8571428571428571,0.8452096829185134,0.8543611246733106,0.7659574468085106
15,45,0.15,15%,345,705,1472,221,0.15013586956521738,14,0.5150558206356685,1.0,1.0,1.0,1.0,1.0,1.0,1.0,0.9763860369609856,0.8553459119496856,0.8607594936708861,0.85,0.8376957494407158,0.8424901213561514,0.7472527472527473,0.9761388286334056,0.8705882352941177,0.8604651162790697,0.8809523809523809,0.8666325718831684,0.8574480645433334,0.7708333333333334
15,45,0.25,25%,345,705,1472,368,0.25,16,0.5068835287480724,1.0,1.0,1.0,1.0,1.0,1.0,1.0,0.9753593429158111,0.85,0.85,0.85,0.8365771812080536,0.8365771812080537,0.7391304347826086,0.9750542299349241,0.8654970760233918,0.8505747126436781,0.8809523809523809,0.8654392544607341,0.8517539812368049,0.7628865979381443
15,45,0.5,50%,345,705,1472,736,0.5,22,0.5108068415877471,1.0,1.0,1.0,1.0,1.0,1.0,1.0,0.9753593429158111,0.85,0.85,0.85,0.8365771812080536,0.8365771812080537,0.7391304347826086,0.9750542299349241,0.8622754491017964,0.8674698795180723,0.8571428571428571,0.8440163654960791,0.8485610226380061,0.7578947368421053
15,45,1.0,100%,345,705,1472,1472,1.0,28,0.5066078114733402,1.0,1.0,1.0,1.0,1.0,1.0,1.0,0.9753593429158111,0.8481012658227848,0.8589743589743589,0.8375,0.825195749440716,0.8346957825361355,0.7362637362637363,0.9761388286334056,0.8674698795180723,0.8780487804878049,0.8571428571428571,0.8452096829185134,0.8543611246733106,0.7659574468085106
15,90,0.05,5%,345,705,1472,74,0.050271739130434784,14,0.5157424851675609,1.0,1.0,1.0,1.0,1.0,1.0,1.0,0.973305954825462,0.8266666666666667,0.8857142857142857,0.775,0.7660514541387025,0.8122757598220904,0.7045454545454546,0.9772234273318872,0.874251497005988,0.8795180722891566,0.8690476190476191,0.8571144448232753,0.8617296293651361,0.776595744680851
15,90,0.1,10%,345,705,1472,148,0.10054347826086957,15,0.5068719077757352,1.0,1.0,1.0,1.0,1.0,1.0,1.0,0.973305954825462,0.8266666666666667,0.8857142857142857,0.775,0.7660514541387025,0.8122757598220904,0.7045454545454546,0.9750542299349241,0.8622754491017964,0.8674698795180723,0.8571428571428571,0.8440163654960791,0.8485610226380061,0.7578947368421053
15,90,0.15,15%,345,705,1472,221,0.15013586956521738,18,0.5128869210412739,1.0,1.0,1.0,1.0,1.0,1.0,1.0,0.971252566735113,0.8157894736842105,0.8611111111111112,0.775,0.7638143176733783,0.8002461033634126,0.6888888888888889,0.9783080260303688,0.8809523809523809,0.8809523809523809,0.8809523809523809,0.8690192067280371,0.8690192067280372,0.7872340425531915
15,90,0.25,25%,345,705,1472,368,0.25,21,0.5020051707914711,1.0,1.0,1.0,1.0,1.0,1.0,1.0,0.9702258726899384,0.8104575163398693,0.8493150684931506,0.775,0.762695749440716,0.7943382213743793,0.6813186813186813,0.9750542299349241,0.863905325443787,0.8588235294117647,0.8690476190476191,0.8547278099784066,0.8501745114386242,0.7604166666666666
15,90,0.5,50%,345,705,1472,736,0.5,23,0.5043001623249865,1.0,1.0,1.0,1.0,1.0,1.0,1.0,0.9722792607802875,0.8235294117647058,0.863013698630137,0.7875,0.776314317673378,0.8085217923140773,0.7,0.9772234273318872,0.874251497005988,0.8795180722891566,0.8690476190476191,0.8571144448232753,0.8617296293651361,0.776595744680851
15,90,1.0,100%,345,705,1472,1472,1.0,29,0.5085922879756514,1.0,1.0,1.0,1.0,1.0,1.0,1.0,0.9722792607802875,0.8211920529801324,0.8732394366197183,0.775,0.7649328859060402,0.8062248552102215,0.6966292134831461,0.9750542299349241,0.863905325443787,0.8588235294117647,0.8690476190476191,0.8547278099784066,0.8501745114386242,0.7604166666666666
15,180,0.05,5%,345,705,1456,73,0.05013736263736264,15,0.5238626591306947,1.0,1.0,1.0,1.0,1.0,1.0,1.0,0.9650924024640657,0.7671232876712328,0.8484848484848485,0.7,0.6888143176733781,0.7484427698945642,0.6222222222222222,0.972885032537961,0.84472049689441,0.8831168831168831,0.8095238095238095,0.7987839527219003,0.8298968311366286,0.7311827956989247
15,180,0.1,10%,345,705,1456,146,0.10027472527472528,17,0.5144159850618659,1.0,1.0,1.0,1.0,1.0,1.0,1.0,0.9743326488706365,0.8366013071895425,0.8767123287671232,0.8,0.7899328859060404,0.8227053632537753,0.7191011235955056,0.9804772234273319,0.8875,0.9342105263157895,0.8452380952380952,0.8392715081259234,0.8768404179529803,0.797752808988764
15,180,0.15,15%,345,705,1456,219,0.1504120879120879,20,0.5014528513861023,1.0,1.0,1.0,1.0,1.0,1.0,1.0,0.9753593429158111,0.8441558441558441,0.8783783783783784,0.8125,0.8024328859060401,0.8307999652566663,0.7303370786516854,0.9804772234273319,0.8902439024390244,0.9125,0.8690476190476191,0.8606943970905785,0.8795366122757099,0.8021978021978022
15,180,0.25,25%,345,705,1456,364,0.25,23,0.5003262317354685,1.0,1.0,1.0,1.0,1.0,1.0,1.0,0.973305954825462,0.8289473684210527,0.875,0.7875,0.7774328859060402,0.8145142388374546,0.7078651685393258,0.9793926247288504,0.8819875776397516,0.922077922077922,0.8452380952380952,0.8380781907034889,0.8707215916638378,0.7888888888888889
15,180,0.5,50%,345,705,1456,728,0.5,28,0.5077618922099117,1.0,1.0,1.0,1.0,1.0,1.0,1.0,0.973305954825462,0.8333333333333334,0.8552631578947368,0.8125,0.8001957494407159,0.8188347736507755,0.7142857142857143,0.9772234273318872,0.8727272727272727,0.8888888888888888,0.8571428571428571,0.8464030003409477,0.8602243686923376,0.7741935483870968
15,180,1.0,100%,345,705,1456,1456,1.0,31,0.5039710952532229,1.0,1.0,1.0,1.0,1.0,1.0,1.0,0.971252566735113,0.8181818181818182,0.8513513513513513,0.7875,0.7751957494407158,0.8025999594661107,0.6923076923076923,0.9772234273318872,0.8727272727272727,0.8888888888888888,0.8571428571428571,0.8464030003409477,0.8602243686923376,0.7741935483870968
15,360,0.05,5%,345,705,1448,73,0.05041436464088398,14,0.5202472736894821,1.0,1.0,1.0,1.0,1.0,1.0,1.0,0.9671457905544147,0.7777777777777778,0.875,0.7,0.6910514541387025,0.760275658380507,0.6363636363636364,0.9707158351409978,0.8235294117647058,0.9130434782608695,0.75,0.7428400954653938,0.8077297372445433,0.7
15,360,0.1,10%,345,705,1448,145,0.10013812154696132,18,0.506770474129767,1.0,1.0,1.0,1.0,1.0,1.0,1.0,0.9722792607802875,0.8163265306122449,0.8955223880597015,0.75,0.7421700223713645,0.8014615953736278,0.6896551724137931,0.9772234273318872,0.8679245283018868,0.92,0.8214285714285714,0.8142686668939652,0.855505306049344,0.7666666666666667
15,360,0.15,15%,345,705,1448,218,0.1505524861878453,21,0.5069370079223299,1.0,1.0,1.0,1.0,1.0,1.0,1.0,0.973305954825462,0.8243243243243243,0.8970588235294118,0.7625,0.7546700223713647,0.8099825919923165,0.7011494252873564,0.9793926247288504,0.8819875776397516,0.922077922077922,0.8452380952380952,0.8380781907034889,0.8707215916638378,0.7888888888888889
15,360,0.25,25%,345,705,1448,362,0.25,25,0.5095960796955713,1.0,1.0,1.0,1.0,1.0,1.0,1.0,0.9722792607802875,0.8187919463087249,0.8840579710144928,0.7625,0.7535514541387025,0.8038721417597661,0.6931818181818182,0.9793926247288504,0.8819875776397516,0.922077922077922,0.8452380952380952,0.8380781907034889,0.8707215916638378,0.7888888888888889
15,360,0.5,50%,345,705,1448,724,0.5,38,0.5043941455796604,1.0,1.0,1.0,1.0,1.0,1.0,1.0,0.973305954825462,0.8243243243243243,0.8970588235294118,0.7625,0.7546700223713647,0.8099825919923165,0.7011494252873564,0.9793926247288504,0.8819875776397516,0.922077922077922,0.8452380952380952,0.8380781907034889,0.8707215916638378,0.7888888888888889
15,360,1.0,100%,345,705,1448,1448,1.0,43,0.5029910632304321,1.0,1.0,1.0,1.0,1.0,1.0,1.0,0.971252566735113,0.8133333333333334,0.8714285714285714,0.7625,0.7524328859060403,0.7978354336545589,0.6853932584269663,0.9793926247288504,0.8819875776397516,0.922077922077922,0.8452380952380952,0.8380781907034889,0.8707215916638378,0.7888888888888889
30,45,0.05,5%,330,690,1472,74,0.050271739130434784,12,0.514501173839591,1.0,1.0,1.0,1.0,1.0,1.0,1.0,0.971252566735113,0.8205128205128205,0.8421052631578947,0.8,0.7865771812080538,0.8048989870085275,0.6956521739130435,0.972885032537961,0.8502994011976048,0.8554216867469879,0.8452380952380952,0.8309182861688829,0.8353924159108762,0.7395833333333334
30,45,0.1,10%,330,690,1472,148,0.10054347826086957,16,0.5086185786919878,1.0,1.0,1.0,1.0,1.0,1.0,1.0,0.971252566735113,0.8205128205128205,0.8421052631578947,0.8,0.7865771812080538,0.8048989870085275,0.6956521739130435,0.9707158351409978,0.8402366863905325,0.8352941176470589,0.8452380952380952,0.8285316513240142,0.8241179047322981,0.7244897959183674
30,45,0.15,15%,330,690,1472,221,0.15013586956521738,19,0.5127599249274152,1.0,1.0,1.0,1.0,1.0,1.0,1.0,0.971252566735113,0.8181818181818182,0.8513513513513513,0.7875,0.7751957494407158,0.8025999594661107,0.6923076923076923,0.9707158351409978,0.8363636363636363,0.8518518518518519,0.8214285714285714,0.8071087623593591,0.8202884740330055,0.71875
30,45,0.25,25%,330,690,1472,368,0.25,22,0.5023966722759596,1.0,1.0,1.0,1.0,1.0,1.0,1.0,0.971252566735113,0.8181818181818182,0.8513513513513513,0.7875,0.7751957494407158,0.8025999594661107,0.6923076923076923,0.9718004338394793,0.8414634146341463,0.8625,0.8214285714285714,0.8083020797817935,0.8259973288426921,0.7263157894736842
30,45,0.5,50%,330,690,1472,736,0.5,31,0.5025410370324755,1.0,1.0,1.0,1.0,1.0,1.0,1.0,0.9722792607802875,0.8258064516129032,0.8533333333333334,0.8,0.787695749440716,0.8107649132906383,0.7032967032967034,0.9707158351409978,0.8383233532934131,0.8433734939759037,0.8333333333333334,0.8178202068416867,0.8222238091837464,0.7216494845360825
30,45,1.0,100%,330,690,1472,1472,1.0,46,0.5010783757204258,1.0,1.0,1.0,1.0,1.0,1.0,1.0,0.9702258726899384,0.8104575163398693,0.8493150684931506,0.775,0.762695749440716,0.7943382213743793,0.6813186813186813,0.9685466377440347,0.8220858895705522,0.8481012658227848,0.7976190476190477,0.7832992385498354,0.8048520589136876,0.6979166666666666
30,90,0.05,5%,330,690,1472,74,0.050271739130434784,17,0.5100162660066224,1.0,1.0,1.0,1.0,1.0,1.0,1.0,0.9702258726899384,0.8079470198675497,0.8591549295774648,0.7625,0.7513143176733781,0.791871140781349,0.6777777777777778,0.9761388286334056,0.872093023255814,0.8522727272727273,0.8928571428571429,0.877344016365496,0.8589429763560501,0.7731958762886598
30,90,0.1,10%,330,690,1472,148,0.10054347826086957,20,0.5039043263572425,1.0,1.0,1.0,1.0,1.0,1.0,1.0,0.9691991786447639,0.7972972972972973,0.8676470588235294,0.7375,0.7274328859060404,0.780749144606519,0.6629213483146067,0.9718004338394793,0.8470588235294118,0.8372093023255814,0.8571428571428571,0.840436413228776,0.8315295308239395,0.7346938775510204
30,90,0.15,15%,330,690,1472,221,0.15013586956521738,27,0.5101977652499254,1.0,1.0,1.0,1.0,1.0,1.0,1.0,0.973305954825462,0.8289473684210527,0.875,0.7875,0.7774328859060402,0.8145142388374546,0.7078651685393258,0.972885032537961,0.8538011695906432,0.8390804597701149,0.8690476190476191,0.8523411751335379,0.8388630230834836,0.7448979591836735
30,90,0.25,25%,330,690,1472,368,0.25,29,0.5009804798068125,1.0,1.0,1.0,1.0,1.0,1.0,1.0,0.973305954825462,0.8266666666666667,0.8857142857142857,0.775,0.7660514541387025,0.8122757598220904,0.7045454545454546,0.972885032537961,0.8538011695906432,0.8390804597701149,0.8690476190476191,0.8523411751335379,0.8388630230834836,0.7448979591836735
30,90,0.5,50%,330,690,1472,736,0.5,36,0.5008543610759943,1.0,1.0,1.0,1.0,1.0,1.0,1.0,0.971252566735113,0.8133333333333334,0.8714285714285714,0.7625,0.7524328859060403,0.7978354336545589,0.6853932584269663,0.972885032537961,0.8538011695906432,0.8390804597701149,0.8690476190476191,0.8523411751335379,0.8388630230834836,0.7448979591836735
30,90,1.0,100%,330,690,1472,1472,1.0,51,0.5030819668108756,1.0,1.0,1.0,1.0,1.0,1.0,1.0,0.9702258726899384,0.8027210884353742,0.8805970149253731,0.7375,0.7285514541387026,0.7867550468827855,0.6704545454545454,0.972885032537961,0.8538011695906432,0.8390804597701149,0.8690476190476191,0.8523411751335379,0.8388630230834836,0.7448979591836735
30,180,0.05,5%,330,690,1456,73,0.05013736263736264,16,0.518108715067977,1.0,1.0,1.0,1.0,1.0,1.0,1.0,0.9640657084188912,0.75177304964539,0.8688524590163934,0.6625,0.6535514541387024,0.7327825418972518,0.6022727272727273,0.9598698481561823,0.7643312101910829,0.821917808219178,0.7142857142857143,0.6987725877940676,0.7425164163333082,0.6185567010309279
30,180,0.1,10%,330,690,1456,146,0.10027472527472528,22,0.5085182211017311,1.0,1.0,1.0,1.0,1.0,1.0,1.0,0.9661190965092402,0.7692307692307693,0.873015873015873,0.6875,0.6785514541387023,0.7512267611956471,0.625,0.9609544468546638,0.7777777777777778,0.8076923076923077,0.75,0.7321002386634845,0.7564068692206076,0.6363636363636364
30,180,0.15,15%,330,690,1456,219,0.1504120879120879,28,0.5060080056288236,1.0,1.0,1.0,1.0,1.0,1.0,1.0,0.9661190965092402,0.7692307692307693,0.873015873015873,0.6875,0.6785514541387023,0.7512267611956471,0.625,0.9609544468546638,0.7777777777777778,0.8076923076923077,0.75,0.7321002386634845,0.7564068692206076,0.6363636363636364
30,180,0.25,25%,330,690,1456,364,0.25,29,0.5023834229388154,1.0,1.0,1.0,1.0,1.0,1.0,1.0,0.9661190965092402,0.7692307692307693,0.873015873015873,0.6875,0.6785514541387023,0.7512267611956471,0.625,0.9620390455531453,0.7852760736196319,0.810126582278481,0.7619047619047619,0.7440050005682464,0.7644766228268645,0.6464646464646465
30,180,0.5,50%,330,690,1456,728,0.5,39,0.5036822933033287,1.0,1.0,1.0,1.0,1.0,1.0,1.0,0.9681724845995893,0.7862068965517242,0.8769230769230769,0.7125,0.7035514541387025,0.7692119544446993,0.6477272727272727,0.9642082429501084,0.8,0.8148148148148148,0.7857142857142857,0.7678145243777701,0.7803525793736735,0.6666666666666666
30,180,1.0,100%,330,690,1456,1456,1.0,46,0.5021090332803447,1.0,1.0,1.0,1.0,1.0,1.0,1.0,0.9661190965092402,0.7724137931034483,0.8615384615384616,0.7,0.6899328859060403,0.7543224031185508,0.6292134831460674,0.9631236442516269,0.7951807228915663,0.8048780487804879,0.7857142857142857,0.7666212069553358,0.7749217381314799,0.66
30,360,0.05,5%,330,690,1448,73,0.05041436464088398,15,0.514914033550536,1.0,1.0,1.0,1.0,1.0,1.0,1.0,0.9609856262833676,0.7205882352941176,0.875,0.6125,0.6046700223713648,0.7003173986267651,0.5632183908045977,0.9707158351409978,0.8211920529801324,0.9253731343283582,0.7380952380952381,0.7321286509830665,0.8054639513620806,0.6966292134831461
30,360,0.1,10%,330,690,1448,145,0.10013812154696132,24,0.5076687330913734,1.0,1.0,1.0,1.0,1.0,1.0,1.0,0.9661190965092402,0.7692307692307693,0.873015873015873,0.6875,0.6785514541387023,0.7512267611956471,0.625,0.972885032537961,0.8407643312101911,0.9041095890410958,0.7857142857142857,0.7773610637572452,0.8260246056306136,0.7252747252747253
30,360,0.15,15%,330,690,1448,218,0.1505524861878453,31,0.5046912656394434,1.0,1.0,1.0,1.0,1.0,1.0,1.0,0.9661190965092402,0.7659574468085106,0.8852459016393442,0.675,0.6671700223713648,0.7480521109316945,0.6206896551724138,0.9739696312364425,0.8481012658227848,0.9054054054054054,0.7976190476190477,0.7892658256620071,0.8339287322506079,0.7362637362637363
30,360,0.25,25%,330,690,1448,362,0.25,37,0.5007433666930565,1.0,1.0,1.0,1.0,1.0,1.0,1.0,0.9661190965092402,0.7692307692307693,0.873015873015873,0.6875,0.6785514541387023,0.7512267611956471,0.625,0.972885032537961,0.8427672955974843,0.8933333333333333,0.7976190476190477,0.7880725082395728,0.8279825072016,0.7282608695652174
30,360,0.5,50%,330,690,1448,724,0.5,47,0.5035531987983889,1.0,1.0,1.0,1.0,1.0,1.0,1.0,0.9661190965092402,0.7692307692307693,0.873015873015873,0.6875,0.6785514541387023,0.7512267611956471,0.625,0.972885032537961,0.8427672955974843,0.8933333333333333,0.7976190476190477,0.7880725082395728,0.8279825072016,0.7282608695652174
30,360,1.0,100%,330,690,1448,1448,1.0,66,0.5002409440436706,1.0,1.0,1.0,1.0,1.0,1.0,1.0,0.9661190965092402,0.7692307692307693,0.873015873015873,0.6875,0.6785514541387023,0.7512267611956471,0.625,0.9707158351409978,0.8301886792452831,0.88,0.7857142857142857,0.7749744289123766,0.814221107777728,0.7096774193548387
60,45,0.05,5%,300,660,1472,74,0.050271739130434784,19,0.5000256394017253,1.0,1.0,1.0,1.0,1.0,1.0,1.0,0.9507186858316222,0.68,0.7285714285714285,0.6375,0.6162472035794182,0.6534321719792439,0.5151515151515151,0.9577006507592191,0.7483870967741936,0.8169014084507042,0.6904761904761905,0.6749630639845436,0.7254737292147012,0.5979381443298969
60,45,0.1,10%,300,660,1472,148,0.10054347826086957,28,0.506218946533166,1.0,1.0,1.0,1.0,1.0,1.0,1.0,0.9486652977412731,0.6621621621621622,0.7205882352941176,0.6125,0.5912472035794183,0.6345819076775316,0.494949494949495,0.9577006507592191,0.7547169811320755,0.8,0.7142857142857143,0.6963859529491989,0.731652711234496,0.6060606060606061
60,45,0.15,15%,300,660,1472,221,0.15013586956521738,33,0.5061314148483922,1.0,1.0,1.0,1.0,1.0,1.0,1.0,0.9517453798767967,0.6845637583892618,0.7391304347826086,0.6375,0.6173657718120804,0.6585922467670002,0.5204081632653061,0.9577006507592191,0.7577639751552795,0.7922077922077922,0.7261904761904762,0.7070973974315264,0.7346390565731407,0.61
60,45,0.25,25%,300,660,1472,368,0.25,40,0.502813041291812,1.0,1.0,1.0,1.0,1.0,1.0,1.0,0.9496919917864476,0.6797385620915033,0.7123287671232876,0.65,0.626510067114094,0.6525025119773995,0.5148514851485149,0.9587852494577006,0.7625,0.8026315789473685,0.7261904761904762,0.7082907148539608,0.7399964379007362,0.6161616161616161
60,45,0.5,50%,300,660,1472,736,0.5,48,0.500390167911473,1.0,1.0,1.0,1.0,1.0,1.0,1.0,0.9476386036960985,0.6622516556291391,0.704225352112676,0.625,0.601510067114094,0.6339802820637517,0.49504950495049505,0.9598698481561823,0.7672955974842768,0.8133333333333334,0.7261904761904762,0.7094840322763951,0.745414110658368,0.6224489795918368
60,45,1.0,100%,300,660,1472,1472,1.0,67,0.501834608857244,1.0,1.0,1.0,1.0,1.0,1.0,1.0,0.9476386036960985,0.6530612244897959,0.7164179104477612,0.6,0.5787472035794183,0.6249830134835193,0.48484848484848486,0.955531453362256,0.7354838709677419,0.8028169014084507,0.6785714285714286,0.6618649846573474,0.7113954589180193,0.5816326530612245
60,90,0.05,5%,300,660,1472,74,0.050271739130434784,20,0.5161247522698035,1.0,1.0,1.0,1.0,1.0,1.0,1.0,0.9537987679671458,0.6896551724137931,0.7692307692307693,0.625,0.6082214765100671,0.6649850951616602,0.5263157894736842,0.9533622559652929,0.7295597484276729,0.7733333333333333,0.6904761904761905,0.6701897942948061,0.704129912386752,0.5742574257425742
60,90,0.1,10%,300,660,1472,148,0.10054347826086957,28,0.508262731739934,1.0,1.0,1.0,1.0,1.0,1.0,1.0,0.9517453798767967,0.6845637583892618,0.7391304347826086,0.6375,0.6173657718120804,0.6585922467670002,0.5204081632653061,0.9522776572668112,0.7215189873417721,0.7702702702702703,0.6785714285714286,0.6582850323900442,0.6955360091261145,0.5643564356435643
60,90,0.15,15%,300,660,1472,221,0.15013586956521738,34,0.5035761477627438,1.0,1.0,1.0,1.0,1.0,1.0,1.0,0.9537987679671458,0.697986577181208,0.7536231884057971,0.65,0.6309843400447428,0.6731202362662768,0.5360824742268041,0.9533622559652929,0.7261146496815286,0.7808219178082192,0.6785714285714286,0.6594783498124788,0.7007623216846555,0.57
60,90,0.25,25%,300,660,1472,368,0.25,40,0.5023249264714978,1.0,1.0,1.0,1.0,1.0,1.0,1.0,0.9517453798767967,0.6802721088435374,0.746268656716418,0.625,0.6059843400447429,0.6543961104652041,0.5154639175257731,0.9533622559652929,0.7225806451612903,0.7887323943661971,0.6666666666666666,0.648766905330151,0.6973171886213373,0.5656565656565656
60,90,0.5,50%,300,660,1472,736,0.5,46,0.5023806858829544,1.0,1.0,1.0,1.0,1.0,1.0,1.0,0.9507186858316222,0.6712328767123288,0.7424242424242424,0.6125,0.5934843400447427,0.64486038102762,0.5051546391752577,0.9522776572668112,0.7142857142857143,0.7857142857142857,0.6547619047619048,0.6368621434253892,0.6884848112541082,0.5555555555555556
60,90,1.0,100%,300,660,1472,1472,1.0,61,0.5031308410756765,1.0,1.0,1.0,1.0,1.0,1.0,1.0,0.9527720739219713,0.6805555555555556,0.765625,0.6125,0.5957214765100671,0.6553962589219788,0.5157894736842106,0.9533622559652929,0.7225806451612903,0.7887323943661971,0.6666666666666666,0.648766905330151,0.6973171886213373,0.5656565656565656
60,180,0.05,5%,300,660,1456,73,0.05013736263736264,19,0.5029666831562308,1.0,1.0,1.0,1.0,1.0,1.0,1.0,0.9486652977412731,0.6666666666666666,0.7142857142857143,0.625,0.6026286353467563,0.6389918458117124,0.5,0.9490238611713666,0.7080745341614907,0.7402597402597403,0.6785714285714286,0.6547050801227412,0.6802060425368618,0.5480769230769231
60,180,0.1,10%,300,660,1456,146,0.10027472527472528,33,0.5063880980303089,1.0,1.0,1.0,1.0,1.0,1.0,1.0,0.9517453798767967,0.6845637583892618,0.7391304347826086,0.6375,0.6173657718120804,0.6585922467670002,0.5204081632653061,0.9522776572668112,0.7283950617283951,0.7564102564102564,0.7023809523809523,0.6797079213546993,0.7022750623807427,0.5728155339805825
60,180,0.15,15%,300,660,1456,219,0.1504120879120879,42,0.5006267317526936,1.0,1.0,1.0,1.0,1.0,1.0,1.0,0.9517453798767967,0.6845637583892618,0.7391304347826086,0.6375,0.6173657718120804,0.6585922467670002,0.5204081632653061,0.9511930585683297,0.7204968944099379,0.7532467532467533,0.6904761904761905,0.6678031594499374,0.6938142960459316,0.5631067961165048
60,180,0.25,25%,300,660,1456,364,0.25,49,0.5025644877131732,1.0,1.0,1.0,1.0,1.0,1.0,1.0,0.9507186858316222,0.6756756756756757,0.7352941176470589,0.625,0.6048657718120807,0.6491986313704304,0.5102040816326531,0.9501084598698482,0.7160493827160493,0.7435897435897436,0.6904761904761905,0.6666098420275031,0.6887421106707765,0.5576923076923077
60,180,0.5,50%,300,660,1456,728,0.5,63,0.5013009474102463,1.0,1.0,1.0,1.0,1.0,1.0,1.0,0.9507186858316222,0.6756756756756757,0.7352941176470589,0.625,0.6048657718120807,0.6491986313704304,0.5102040816326531,0.9501084598698482,0.7160493827160493,0.7435897435897436,0.6904761904761905,0.6666098420275031,0.6887421106707765,0.5576923076923077
60,180,1.0,100%,300,660,1456,1456,1.0,75,0.5001209604952936,1.0,1.0,1.0,1.0,1.0,1.0,1.0,0.9507186858316222,0.6756756756756757,0.7352941176470589,0.625,0.6048657718120807,0.6491986313704304,0.5102040816326531,0.9501084598698482,0.7160493827160493,0.7435897435897436,0.6904761904761905,0.6666098420275031,0.6887421106707765,0.5576923076923077
60,360,0.05,5%,300,660,1448,73,0.05041436464088398,23,0.5116766494519829,1.0,1.0,1.0,1.0,1.0,1.0,1.0,0.944558521560575,0.5970149253731343,0.7407407407407407,0.5,0.4843400447427293,0.5684466178739046,0.425531914893617,0.9479392624728851,0.6756756756756757,0.78125,0.5952380952380952,0.5785316513240142,0.6479348310316299,0.5102040816326531
60,360,0.1,10%,300,660,1448,145,0.10013812154696132,38,0.5044503180750384,1.0,1.0,1.0,1.0,1.0,1.0,1.0,0.946611909650924,0.6231884057971014,0.7413793103448276,0.5375,0.520721476510067,0.5952434229453697,0.45263157894736844,0.9501084598698482,0.6891891891891891,0.796875,0.6071428571428571,0.5916297306512104,0.6626042130719786,0.5257731958762887
60,360,0.15,15%,300,660,1448,218,0.1505524861878453,53,0.5047690831613656,1.0,1.0,1.0,1.0,1.0,1.0,1.0,0.9507186858316222,0.6619718309859155,0.7580645161290323,0.5875,0.5707214765100672,0.6358538181138425,0.49473684210526314,0.9511930585683297,0.697986577181208,0.8,0.6190476190476191,0.6035344925559722,0.6719068781729902,0.5360824742268041
60,360,0.25,25%,300,660,1448,362,0.25,67,0.5031879944285506,1.0,1.0,1.0,1.0,1.0,1.0,1.0,0.9496919917864476,0.6474820143884892,0.7627118644067796,0.5625,0.5468400447427293,0.6210598192876312,0.4787234042553192,0.9479392624728851,0.6842105263157895,0.7647058823529411,0.6190476190476191,0.5999545402886692,0.6561839651957738,0.52
60,360,0.5,50%,300,660,1448,724,0.5,84,0.500680263370052,1.0,1.0,1.0,1.0,1.0,1.0,1.0,0.9507186858316222,0.6571428571428571,0.7666666666666667,0.575,0.5593400447427292,0.6311770274534554,0.48936170212765956,0.9479392624728851,0.6842105263157895,0.7647058823529411,0.6190476190476191,0.5999545402886692,0.6561839651957738,0.52
60,360,1.0,100%,300,660,1448,1448,1.0,104,0.5001819046291094,1.0,1.0,1.0,1.0,1.0,1.0,1.0,0.9496919917864476,0.6524822695035462,0.7540983606557377,0.575,0.558221476510067,0.6258955586561525,0.4842105263157895,0.9511930585683297,0.7019867549668874,0.7910447761194029,0.6309523809523809,0.6142459370382998,0.6757732522701343,0.5408163265306123
120,45,0.05,5%,240,600,1472,74,0.050271739130434784,20,0.513826205855248,1.0,1.0,1.0,1.0,1.0,1.0,1.0,0.9281314168377823,0.453125,0.6041666666666666,0.3625,0.3412472035794183,0.4172251094091904,0.29292929292929293,0.9327548806941431,0.5441176470588235,0.7115384615384616,0.44047619047619047,0.42257642913967497,0.5099780551364697,0.37373737373737376
120,45,0.1,10%,240,600,1472,148,0.10054347826086957,37,0.5070713206707685,1.0,1.0,1.0,1.0,1.0,1.0,1.0,0.9271047227926078,0.4409448818897638,0.5957446808510638,0.35,0.32874720357941833,0.4047582158412092,0.2828282828282828,0.93058568329718,0.5294117647058824,0.6923076923076923,0.42857142857142855,0.40947834981247877,0.4941708956247428,0.36
120,45,0.15,15%,240,600,1472,221,0.15013586956521738,50,0.5005869896362044,1.0,1.0,1.0,1.0,1.0,1.0,1.0,0.9271047227926078,0.4409448818897638,0.5957446808510638,0.35,0.32874720357941833,0.4047582158412092,0.2828282828282828,0.9262472885032538,0.4925373134328358,0.66,0.39285714285714285,0.3725707466757586,0.455518115816167,0.32673267326732675
120,45,0.25,25%,240,600,1472,368,0.25,63,0.5031768743127337,1.0,1.0,1.0,1.0,1.0,1.0,1.0,0.9281314168377823,0.453125,0.6041666666666666,0.3625,0.3412472035794183,0.4172251094091904,0.29292929292929293,0.9240780911062907,0.47761194029850745,0.64,0.38095238095238093,0.3594726673485624,0.43950394275193666,0.3137254901960784
120,45,0.5,50%,240,600,1472,736,0.5,84,0.5015317328729071,1.0,1.0,1.0,1.0,1.0,1.0,1.0,0.9260780287474333,0.42857142857142855,0.5869565217391305,0.3375,0.3162472035794184,0.39211539128324263,0.2727272727272727,0.9240780911062907,0.47761194029850745,0.64,0.38095238095238093,0.3594726673485624,0.43950394275193666,0.3137254901960784
120,45,1.0,100%,240,600,1472,1472,1.0,105,0.5020086480235467,1.0,1.0,1.0,1.0,1.0,1.0,1.0,0.9250513347022588,0.416,0.5777777777777777,0.325,0.3037472035794184,0.3792928852029681,0.26262626262626265,0.9229934924078091,0.4496124031007752,0.6444444444444445,0.34523809523809523,0.3261450164791455,0.41225376645297995,0.29
120,90,0.05,5%,240,600,1472,74,0.050271739130434784,22,0.5031673861401418,1.0,1.0,1.0,1.0,1.0,1.0,1.0,0.9353182751540041,0.5333333333333333,0.6545454545454545,0.45,0.4287472035794184,0.4998614394001141,0.36363636363636365,0.93058568329718,0.5555555555555556,0.6666666666666666,0.47619047619047616,0.45232412774178865,0.5190401669274909,0.38461538461538464
120,90,0.1,10%,240,600,1472,148,0.10054347826086957,39,0.5071317228800623,1.0,1.0,1.0,1.0,1.0,1.0,1.0,0.9332648870636551,0.5112781954887218,0.6415094339622641,0.425,0.4037472035794183,0.47704482000958187,0.3434343434343434,0.9295010845986985,0.5517241379310345,0.6557377049180327,0.47619047619047616,0.4511308103193543,0.5145088381588114,0.38095238095238093
120,90,0.15,15%,240,600,1472,221,0.15013586956521738,48,0.5004414525334142,1.0,1.0,1.0,1.0,1.0,1.0,1.0,0.9373716632443532,0.5413533834586466,0.6792452830188679,0.45,0.43098434004474284,0.5092266772397614,0.3711340206185567,0.93058568329718,0.5555555555555556,0.6666666666666666,0.47619047619047616,0.45232412774178865,0.5190401669274909,0.38461538461538464
120,90,0.25,25%,240,600,1472,368,0.25,64,0.5035864926737794,1.0,1.0,1.0,1.0,1.0,1.0,1.0,0.9394250513347022,0.562962962962963,0.6909090909090909,0.475,0.45598434004474275,0.5316162686445514,0.3917525773195876,0.93058568329718,0.5555555555555556,0.6666666666666666,0.47619047619047616,0.45232412774178865,0.5190401669274909,0.38461538461538464
120,90,0.5,50%,240,600,1472,736,0.5,81,0.5015094152525075,1.0,1.0,1.0,1.0,1.0,1.0,1.0,0.9394250513347022,0.556390977443609,0.6981132075471698,0.4625,0.444602908277405,0.5253176058548512,0.3854166666666667,0.9273318872017353,0.5379310344827586,0.639344262295082,0.4642857142857143,0.4380327309921581,0.4995706485636979,0.36792452830188677
120,90,1.0,100%,240,600,1472,1472,1.0,104,0.5012739343849706,1.0,1.0,1.0,1.0,1.0,1.0,1.0,0.9342915811088296,0.5223880597014925,0.6481481481481481,0.4375,0.41624720357941847,0.48852932488759065,0.35353535353535354,0.9295010845986985,0.5390070921985816,0.6666666666666666,0.4523809523809524,0.4297079213546995,0.5023499908657599,0.36893203883495146
120,180,0.05,5%,240,600,1456,73,0.05013736263736264,23,0.5020576748890888,1.0,1.0,1.0,1.0,1.0,1.0,1.0,0.9373716632443532,0.5040650406504065,0.7209302325581395,0.3875,0.37407718120805367,0.4738492056463754,0.33695652173913043,0.9262472885032538,0.5142857142857142,0.6428571428571429,0.42857142857142855,0.4047050801227412,0.4761013436727054,0.34615384615384615
120,180,0.1,10%,240,600,1456,146,0.10027472527472528,41,0.5053160565132407,1.0,1.0,1.0,1.0,1.0,1.0,1.0,0.9322381930184805,0.46774193548387094,0.6590909090909091,0.3625,0.3457214765100671,0.4347963705423085,0.30526315789473685,0.93058568329718,0.5362318840579711,0.6851851851851852,0.44047619047619047,0.4201897942948061,0.500626248265123,0.36633663366336633
120,180,0.15,15%,240,600,1456,219,0.1504120879120879,54,0.5041252845858538,1.0,1.0,1.0,1.0,1.0,1.0,1.0,0.9332648870636551,0.4881889763779528,0.6595744680851063,0.3875,0.36960290827740483,0.45506033844617744,0.3229166666666667,0.928416485900217,0.5416666666666666,0.65,0.4642857142857143,0.43922604841459245,0.5040101721439749,0.37142857142857144
120,180,0.25,25%,240,600,1456,364,0.25,68,0.5011742918191842,1.0,1.0,1.0,1.0,1.0,1.0,1.0,0.9363449691991786,0.515625,0.6875,0.4125,0.39572147651006695,0.48382795404814005,0.3473684210526316,0.9273318872017353,0.5379310344827586,0.639344262295082,0.4642857142857143,0.4380327309921581,0.4995706485636979,0.36792452830188677
120,180,0.5,50%,240,600,1456,728,0.5,99,0.5021335395116546,1.0,1.0,1.0,1.0,1.0,1.0,1.0,0.9342915811088296,0.4838709677419355,0.6818181818181818,0.375,0.3593400447427293,0.45192375325314765,0.3191489361702128,0.9295010845986985,0.5517241379310345,0.6557377049180327,0.47619047619047616,0.4511308103193543,0.5145088381588114,0.38095238095238093
120,180,1.0,100%,240,600,1456,1456,1.0,119,0.5011977808608519,1.0,1.0,1.0,1.0,1.0,1.0,1.0,0.9363449691991786,0.4918032786885246,0.7142857142857143,0.375,0.3615771812080537,0.46134084989474433,0.32608695652173914,0.9295010845986985,0.5578231292517006,0.6507936507936508,0.4880952380952381,0.46184225480168206,0.5203681472589036,0.3867924528301887
120,360,0.05,5%,240,600,1448,73,0.05041436464088398,23,0.5121302372540876,1.0,1.0,1.0,1.0,1.0,1.0,1.0,0.9332648870636551,0.4715447154471545,0.6744186046511628,0.3625,0.34684004474272934,0.43934751421335083,0.30851063829787234,0.9229934924078091,0.4740740740740741,0.6274509803921569,0.38095238095238093,0.3582793499261281,0.43519525116046315,0.3106796116504854
120,360,0.1,10%,240,600,1448,145,0.10013812154696132,37,0.5000015428872624,1.0,1.0,1.0,1.0,1.0,1.0,1.0,0.9353182751540041,0.46153846153846156,0.7297297297297297,0.3375,0.32631431767337826,0.43203317351302317,0.3,0.9273318872017353,0.5109489051094891,0.660377358490566,0.4166666666666667,0.395186953062848,0.47386082957158676,0.3431372549019608
120,360,0.15,15%,240,600,1448,218,0.1505524861878453,52,0.5030316072107139,1.0,1.0,1.0,1.0,1.0,1.0,1.0,0.9373716632443532,0.48739495798319327,0.7435897435897436,0.3625,0.3513143176733782,0.4582277095909398,0.32222222222222224,0.93058568329718,0.5428571428571428,0.6785714285714286,0.4523809523809524,0.4309012387771338,0.506918911691958,0.37254901960784315
120,360,0.25,25%,240,600,1448,362,0.25,65,0.5002055410341624,1.0,1.0,1.0,1.0,1.0,1.0,1.0,0.9394250513347022,0.5042016806722689,0.7692307692307693,0.375,0.3649328859060401,0.4759907355059909,0.33707865168539325,0.928416485900217,0.5285714285714286,0.6607142857142857,0.44047619047619047,0.4178031594499374,0.4915101276823317,0.3592233009708738
120,360,0.5,50%,240,600,1448,724,0.5,96,0.5021499721302942,1.0,1.0,1.0,1.0,1.0,1.0,1.0,0.9373716632443532,0.49586776859504134,0.7317073170731707,0.375,0.3626957494407159,0.4661527126350028,0.32967032967032966,0.928416485900217,0.5285714285714286,0.6607142857142857,0.44047619047619047,0.4178031594499374,0.4915101276823317,0.3592233009708738
120,360,1.0,100%,240,600,1448,1448,1.0,123,0.5003095602305038,1.0,1.0,1.0,1.0,1.0,1.0,1.0,0.9373716632443532,0.48739495798319327,0.7435897435897436,0.3625,0.3513143176733782,0.4582277095909398,0.32222222222222224,0.9295010845986985,0.5390070921985816,0.6666666666666666,0.4523809523809524,0.4297079213546995,0.5023499908657599,0.36893203883495146
