forecast_lag_min,top_percent,top_percent_label,channel_name,channel_short_name,importance_total,importance_share_total,importance_mag,importance_phase,importance_share_mag,importance_share_phase,importance_total_norm_by_window_feature_count,importance_share_total_norm_by_window_feature_count,importance_mag_norm_by_window_feature_count,importance_phase_norm_by_window_feature_count,importance_share_mag_norm_by_window_feature_count,importance_share_phase_norm_by_window_feature_count,feature_count_total,feature_count_mag,feature_count_phase,unmatched_feature_count,val_css,test_css
5,0.05,5%,p3_flux_ic,p3,0.9547174831111328,0.9547174831111328,0.9422722603221976,0.01244522278893506,0.9837824478160604,0.2949490830588212,0.012659307260163682,0.5712051925776265,0.012462234598349666,0.00019707266181401926,0.857499927577533,0.02583125863522127,242,227,15,0,0.8539325842696629,0.8602150537634409
5,0.05,5%,p5_flux_ic,p5,0.01158662176042371,0.01158662176042371,0.007009848481965601,0.004576773278458109,0.0073186553279725765,0.10846853485415561,0.0018526890958618513,0.0835958563955856,0.0009160383543421247,0.0009366507415197264,0.06303065604387163,0.12277130339824067,18,12,6,0,0.8539325842696629,0.8602150537634409
5,0.05,5%,p7_flux_ic,p7,0.026061499525014888,0.026061499525014888,0.007748729665545545,0.01831276985946934,0.008090086654178605,0.4340086770579937,0.0038332571376290298,0.17296178507248272,0.0007676050267482551,0.003065652110880775,0.05281727363180477,0.40182972023032765,25,8,17,0,0.8539325842696629,0.8602150537634409
5,0.05,5%,long,long_xray,0.007634395603429437,0.007634395603429437,0.000774682876994591,0.006859712726434845,0.0008088102017885256,0.16257370502902949,0.0038171978017147185,0.17223716595430483,0.0003873414384972955,0.0034298563632174225,0.026652142746790636,0.4495677177362104,8,2,6,0,0.8539325842696629,0.8602150537634409
5,0.1,10%,p3_flux_ic,p3,0.9373792056874479,0.9373792056874479,0.9206876305587164,0.01669157512873189,0.975571427087286,0.2966963803277555,0.009227614947689746,0.7326287945464947,0.009043929450562569,0.00018368549712717878,0.8953889747930575,0.0736316931001965,366,309,57,0,0.8539325842696629,0.8404255319148937
5,0.1,10%,p5_flux_ic,p5,0.023666061883543907,0.023666061883543907,0.012091960528529865,0.011574101355014021,0.012812783399666508,0.20573217033712754,0.0010072063764167468,0.07996740193396226,0.0005374307244704914,0.00046977565194625536,0.05320801627615419,0.18831305231518622,95,55,40,0,0.8539325842696629,0.8404255319148937
5,0.1,10%,p7_flux_ic,p7,0.02701785327103202,0.02701785327103202,0.00848488609633653,0.01853296717469549,0.008990684965163327,0.32942752466783004,0.0013397721180638414,0.10637154209277677,0.00036464363129295026,0.0009751284867708914,0.036101330618838794,0.3908874821045927,74,31,43,0,0.8539325842696629,0.8404255319148937
5,0.1,10%,long,long_xray,0.011936879157975701,0.011936879157975701,0.0024774211493425466,0.009459458008633155,0.0026251045478841105,0.16814392466728698,0.0010206185074251599,0.0810322614267669,0.00015455550942031752,0.0008660629980048422,0.015301678311949745,0.34716777248002473,50,18,32,0,0.8539325842696629,0.8404255319148937
5,0.15,15%,p3_flux_ic,p3,0.9274785975656191,0.9274785975656191,0.9124620578077117,0.015016539757907389,0.9708618787068484,0.24964093684838057,0.00772696562165103,0.7960481926631334,0.007593942788677519,0.00013302283297351105,0.9162523243793624,0.09376996804820086,454,363,91,0,0.8539325842696629,0.8387096774193549
5,0.15,15%,p5_flux_ic,p5,0.026794691703491278,0.026794691703491278,0.011529041466524809,0.015265650236966462,0.012266928539222855,0.25378224865347265,0.0006200191016187214,0.06387566729651661,0.00026587714641600896,0.00035414195520271227,0.03207958766376813,0.24964044954972822,173,87,86,0,0.8539325842696629,0.8387096774193549
5,0.15,15%,p7_flux_ic,p7,0.033117937546315174,0.033117937546315174,0.012252262966801819,0.02086567457951335,0.013036437998243113,0.34687928337553553,0.0008497908829830888,0.08754723777271743,0.0003055447260778242,0.0005442461569052644,0.03686570642697931,0.38364800690664275,152,64,88,0,0.8539325842696629,0.8387096774193549
5,0.15,15%,long,long_xray,0.012608773184574278,0.012608773184574278,0.0036040844658784474,0.00900468871869583,0.003834754755685738,0.14969753112261128,0.0005098799616731544,0.052528902267632384,0.00012268284126897464,0.0003871971204041796,0.01480238152989012,0.2729415754954282,99,33,66,0,0.8539325842696629,0.8387096774193549
5,0.25,25%,p3_flux_ic,p3,0.9215102039415103,0.9215102039415103,0.9040306088926164,0.017479595048893685,0.9630094519856854,0.28540768801456806,0.005781173393497027,0.8410151872083632,0.005669070046000246,0.00011210334749677932,0.9249402566933544,0.15049017428726563,616,436,180,0,0.8522727272727273,0.8387096774193549
5,0.25,25%,p5_flux_ic,p5,0.03136789693146086,0.03136789693146086,0.015506242717149453,0.015861654214311408,0.01651786803954651,0.2589898704592515,0.00038287855744715177,0.055699191107413365,0.00018952662099613123,0.00019335193645102027,0.030922320601430454,0.25956019391954654,327,172,155,0,0.8522727272727273,0.8387096774193549
5,0.25,25%,p7_flux_ic,p7,0.030496847645714822,0.030496847645714822,0.013282660756246208,0.01721418688946862,0.014149219871496435,0.28107409052848076,0.00040682513796635387,0.05918281571569978,0.00017661887922953832,0.0002302062587368155,0.028816350859294824,0.30903430426391176,298,130,168,0,0.8522727272727273,0.8387096774193549
5,0.25,25%,long,long_xray,0.016625051481314296,0.016625051481314296,0.005936184193915743,0.010688867287398554,0.006323460103271706,0.1745283509976996,0.0003031645234494694,0.04410280596852346,9.390469151470925e-05,0.00020925983193476036,0.01532107184592047,0.280915327529276,221,91,130,0,0.8522727272727273,0.8387096774193549
5,0.5,50%,p3_flux_ic,p3,0.9188481285595227,0.9188481285595227,0.8964966965647057,0.022351431994817265,0.9624661501792778,0.32609784565948874,0.005098341195294297,0.9025937237720485,0.004999399247338003,9.894194795629223e-05,0.9603599498351427,0.2234515537010368,921,522,399,0,0.8522727272727273,0.8404255319148937
5,0.5,50%,p5_flux_ic,p5,0.030712424901289392,0.030712424901289392,0.012778928300121123,0.01793349660116826,0.01371927634710128,0.26164205533402757,0.00020168441341725634,0.035705551817732877,8.614463726965925e-05,0.00011553977614759692,0.016547960151593644,0.26093626644439494,650,297,353,0,0.8522727272727273,0.8404255319148937
5,0.5,50%,p7_flux_ic,p7,0.03352904296156906,0.03352904296156906,0.014934366469462178,0.018594676492106846,0.016033324223400872,0.27128838752779677,0.00020550584401313575,0.03638208544691697,8.26201937331027e-05,0.000122885650280033,0.015870931922698645,0.2775262671679526,744,413,331,0,0.8522727272727273,0.8404255319148937
5,0.5,50%,long,long_xray,0.016910403577619113,0.016910403577619113,0.00724790606575556,0.009662497511863542,0.0077812492502199624,0.14097171147868692,0.0001430134695551971,0.02531863896330199,3.759158462311582e-05,0.00010542188493208122,0.007221158090564928,0.23808591268661575,609,403,206,0,0.8522727272727273,0.8404255319148937
5,1.0,100%,p3_flux_ic,p3,0.9024209225199866,0.9024209225199866,0.8788743114984388,0.023546611021547783,0.9506938482305706,0.3116926015320353,0.002477544627974436,0.9027143206473789,0.0024130899298865274,6.445469808790797e-05,0.9508649944089268,0.3117276134546389,1462,731,731,0,0.8314606741573034,0.8404255319148937
5,1.0,100%,p5_flux_ic,p5,0.03621519935474265,0.03621519935474265,0.019118029883251068,0.017097169471491612,0.020680310213307778,0.22631966980414409,9.914287991430775e-05,0.03612354606182797,5.2354773048713625e-05,4.67881068655942e-05,0.020630114263742616,0.22628520998391788,1462,731,731,0,0.8314606741573034,0.8404255319148937
5,1.0,100%,p7_flux_ic,p7,0.03834279704484596,0.03834279704484596,0.018771747821517953,0.019571049223328033,0.020305730797872384,0.25906705816596337,0.00010491297475286371,0.038225928874006214,5.133114329744673e-05,5.358183145541699e-05,0.02022675851406238,0.25914226487175795,1462,731,731,0,0.8314606741573034,0.8404255319148937
5,1.0,100%,long,long_xray,0.023021081080424458,0.023021081080424458,0.007691573504821549,0.015329507575602908,0.008320110758249288,0.20292067049785736,6.294956082914773e-05,0.022936204416787315,2.100811266312074e-05,4.1941448166026944e-05,0.00827813281326807,0.2028449116896853,1462,731,731,0,0.8314606741573034,0.8404255319148937
15,0.05,5%,p3_flux_ic,p3,0.916508889167802,0.916508889167802,0.9052138667393229,0.011295022428479124,0.9440772613155278,0.2743809169800343,0.01542613500018583,0.5800419593504345,0.015259264690070181,0.00016687031011564796,0.7142870731542413,0.031894595566551005,219,207,12,0,0.7241379310344828,0.8111111111111111
15,0.05,5%,p5_flux_ic,p5,0.010142412213329476,0.010142412213329476,0.007210593890904922,0.002931818322424554,0.007520165104744612,0.07122031008078594,0.0026228791550921525,0.09862353494512636,0.0017090919959213066,0.0009137871591708453,0.08000269634960738,0.17465582616502057,15,10,5,0,0.7241379310344828,0.8111111111111111
15,0.05,5%,p7_flux_ic,p7,0.029256357122555893,0.029256357122555893,0.014737971623617783,0.014518385498938111,0.015370714478656825,0.3526834896957934,0.004064170558307416,0.15281789338331245,0.0017009660920025865,0.002363204466304829,0.07962232231162296,0.4516888033684522,27,14,13,0,0.7241379310344828,0.8111111111111111
15,0.05,5%,long,long_xray,0.04409234149631264,0.04409234149631264,0.031672086732396375,0.012420254763916255,0.03303185910107063,0.3017152832433865,0.004481675798679845,0.1685166123211268,0.0026936071469258072,0.0017880686517540382,0.12608790818452814,0.3417607748999762,32,18,14,0,0.7241379310344828,0.8111111111111111
15,0.1,10%,p3_flux_ic,p3,0.8962432449021399,0.8962432449021399,0.868405176703119,0.02783806819902037,0.9394103492183842,0.3683023143530131,0.01100040147152991,0.7140276838054777,0.010647805062326694,0.0003525964092032156,0.8306120585270618,0.13630076192629445,317,252,65,0,0.7159090909090909,0.8131868131868132
15,0.1,10%,p5_flux_ic,p5,0.023489786454019307,0.023489786454019307,0.00948680230544014,0.014002984148579166,0.010262490949850742,0.18526183041507713,0.001180091277407724,0.07659882629440934,0.0004889845220095567,0.0006911067553981676,0.038144616476053175,0.2671563716319332,82,39,43,0,0.7159090909090909,0.8131868131868132
15,0.1,10%,p7_flux_ic,p7,0.034707992035210466,0.034707992035210466,0.013547800864549384,0.021160191170661067,0.014655537164834767,0.27995288051564277,0.0016480026668896663,0.10697059831770149,0.0006065195041712979,0.001041483162718368,0.04731326418427603,0.4025989627424313,83,40,43,0,0.7159090909090909,0.8131868131868132
15,0.1,10%,long,long_xray,0.045558976608630175,0.045558976608630175,0.0329753890950175,0.01258358751361268,0.03567162266693018,0.1664829747162671,0.0015776319949507244,0.1024028915824118,0.0010759185557535095,0.0005017134391972142,0.08393006081260904,0.19394390369934103,103,60,43,0,0.7159090909090909,0.8131868131868132
15,0.15,15%,p3_flux_ic,p3,0.8807264008024994,0.8807264008024994,0.8528402039490308,0.027886196853468444,0.925734510361592,0.35414583196506316,0.008629860759291745,0.7502505431593929,0.008358985608140301,0.0002708751511514412,0.8428333902520369,0.17090794505217854,406,292,114,0,0.7303370786516854,0.8131868131868132
15,0.15,15%,p5_flux_ic,p5,0.02605509061235514,0.02605509061235514,0.011432564344172875,0.014622526268182261,0.012409733155547609,0.18570143350445087,0.0007571174325643429,0.06582119698805679,0.00032454307364589505,0.00043257435891844783,0.03272355664512768,0.272931623483183,138,61,77,0,0.7303370786516854,0.8131868131868132
15,0.15,15%,p7_flux_ic,p7,0.03868297644115063,0.03868297644115063,0.01905432165176551,0.019628654789385115,0.020682940418254036,0.2492776737275742,0.0009587880481832695,0.08335374972878098,0.0004520794203484113,0.0005067086278348579,0.045582998748600285,0.31970644023765754,156,71,85,0,0.7303370786516854,0.8131868131868132
15,0.15,15%,long,long_xray,0.05453553214399458,0.05453553214399458,0.03793078086284089,0.01660475128115371,0.04117281606460641,0.21087506080291188,0.0011568722291717363,0.10057451012376996,0.0007821119417291858,0.00037476028744255015,0.0788600543542351,0.23645399122698088,178,97,81,0,0.7303370786516854,0.8131868131868132
15,0.25,25%,p3_flux_ic,p3,0.8739964867425901,0.8739964867425901,0.8438670302451986,0.030129456497391714,0.9322996387844751,0.31763940783014605,0.006329882882631515,0.7952330658477543,0.006117487122570077,0.00021239576006143525,0.88979996577113,0.1958183586727826,559,367,192,0,0.7386363636363636,0.8131868131868132
15,0.25,25%,p5_flux_ic,p5,0.028279237959153183,0.028279237959153183,0.009890819076665898,0.0183884188824873,0.010927322341031439,0.19385966969804394,0.0004225526501354433,0.053085948931428824,0.00014632852783042538,0.00027622412230501783,0.021283758583565508,0.25466494359375696,271,118,153,0,0.7386363636363636,0.8131868131868132
15,0.25,25%,p7_flux_ic,p7,0.04641231982153352,0.04641231982153352,0.01866123905851791,0.02775108076301558,0.020616833944172182,0.29256541222288296,0.00061069302371431,0.07672231770238853,0.00023740355222659116,0.0003732894714877188,0.03453079155096263,0.34415438234460216,295,132,163,0,0.7386363636363636,0.8131868131868132
15,0.25,25%,long,long_xray,0.051311955476722924,0.051311955476722924,0.03272663423882384,0.018585321237899077,0.036156204930321366,0.19593551024892716,0.000596654750420813,0.07495866751842888,0.0003739070705779865,0.00022274767984282648,0.05438548409434183,0.20536231538885832,337,174,163,0,0.7386363636363636,0.8131868131868132
15,0.5,50%,p3_flux_ic,p3,0.8594921337352034,0.8594921337352034,0.8331554069554763,0.026336726779727794,0.9190308920387203,0.281853028047418,0.004547770823514557,0.8485343897898745,0.004418537748338401,0.0001292330751761584,0.9168238126362942,0.23924828187162792,850,504,346,0,0.7386363636363636,0.8333333333333334
15,0.5,50%,p5_flux_ic,p5,0.0372879141544879,0.0372879141544879,0.016519714316294308,0.020768199838193578,0.018222444045352164,0.22225920709305613,0.00023732866961119023,0.044281373372404155,9.857478521654964e-05,0.00013875388439464053,0.020453759944910915,0.256874088921754,677,389,288,0,0.7386363636363636,0.8333333333333334
15,0.5,50%,p7_flux_ic,p7,0.051647385283314334,0.051647385283314334,0.022314789162819336,0.02933259612049504,0.0246148322614892,0.313914523478947,0.0002846475164873508,0.05311024149654455,0.00011489729727768425,0.00016975021920966673,0.023840597082450114,0.31425738525440094,678,321,357,0,0.7386363636363636,0.8333333333333334
15,0.5,50%,long,long_xray,0.051572566826993876,0.051572566826993876,0.03456874191631927,0.017003824910674613,0.03813183165443824,0.1819732413805787,0.0002898128128718013,0.05407399534117571,0.0001873869686822618,0.00010242584418953944,0.038881830336344896,0.18962024395221713,719,457,262,0,0.7386363636363636,0.8333333333333334
15,1.0,100%,p3_flux_ic,p3,0.848159168442742,0.848159168442742,0.8164302052113174,0.03172896323142481,0.9108589836695155,0.3060572388390771,0.00232401171545357,0.8484799474264909,0.0022370272645518222,8.698445090174786e-05,0.9111027839523786,0.3065711075848296,1462,731,731,0,0.7078651685393258,0.8131868131868132
15,1.0,100%,p5_flux_ic,p5,0.05062247519667201,0.05062247519667201,0.022922408264875765,0.027700066931796215,0.025573626945855448,0.26719454836792894,0.00013848193210943324,0.05055875652193038,6.272081099730365e-05,7.576112111212975e-05,0.025545109090497866,0.2670152029521788,1462,731,731,0,0.7078651685393258,0.8131868131868132
15,1.0,100%,p7_flux_ic,p7,0.05116260752277253,0.05116260752277253,0.024992530431310785,0.02617007709146178,0.02788318061076755,0.2524362827867573,0.00013976641457901661,0.051027711824958896,6.820526832856719e-05,7.15611462504495e-05,0.02777883436607395,0.2522126614424538,1462,731,731,0,0.7078651685393258,0.8131868131868132
15,1.0,100%,long,long_xray,0.05005574883781325,0.05005574883781325,0.031984825768175934,0.01807092306963732,0.035684208773861525,0.17431193000623665,0.0001367695666694645,0.04993358422661944,8.734292340793786e-05,4.942664326152663e-05,0.03557327259104941,0.1742010280205378,1462,731,731,0,0.7078651685393258,0.8131868131868132
30,0.05,5%,p3_flux_ic,p3,0.826673761201648,0.826673761201648,0.8133509578057208,0.013322803395927259,0.8384442123432068,0.44515658113674983,0.01604452286316477,0.4344037592320383,0.01573126780502031,0.0003132550581444616,0.48333211783382707,0.07140443581454237,200,193,7,0,0.6896551724137931,0.7446808510638298
30,0.05,5%,p5_flux_ic,p5,0.07103071347123943,0.07103071347123943,0.06136828153900985,0.009662431932229603,0.06326159695765882,0.322852108268203,0.00759685857597435,0.20568414230215779,0.005959280574721106,0.0016375780012532451,0.18309469628549238,0.3732751642524795,36,30,6,0,0.6896551724137931,0.7446808510638298
30,0.05,5%,p7_flux_ic,p7,0.04083473278930365,0.04083473278930365,0.03805685105292531,0.002777881736378336,0.0392309693608973,0.09281772760727076,0.005704620338335057,0.15445199219065375,0.005005307503204381,0.0006993128351306758,0.1537845459068005,0.15940377386451096,27,25,2,0,0.6896551724137931,0.7446808510638298
30,0.05,5%,long,long_xray,0.06146079253780917,0.06146079253780917,0.057295556388052435,0.004165236149756743,0.05906322133823708,0.13917358298777635,0.007588583898140412,0.20546010627515016,0.005851676599530007,0.0017369072986104044,0.17978863997388,0.39591662606846734,30,27,3,0,0.6896551724137931,0.7446808510638298
30,0.1,10%,p3_flux_ic,p3,0.7974285020086785,0.7974285020086785,0.7668359973105919,0.030592504698086553,0.83767025673437,0.3617801819777492,0.01050845150033326,0.555488822819594,0.010088808252566146,0.00041964324776710727,0.6206847686865565,0.1575730713672511,298,251,47,0,0.6781609195402298,0.7419354838709677
30,0.1,10%,p5_flux_ic,p5,0.06874024393675515,0.06874024393675515,0.04669961555935624,0.022040628377398917,0.05101335760475259,0.26064758750459743,0.0027256233716016114,0.14407958376098856,0.0018077030756560822,0.0009179202959455297,0.11121370703840879,0.3446725786059709,98,64,34,0,0.6781609195402298,0.7419354838709677
30,0.1,10%,p7_flux_ic,p7,0.06189332474214966,0.06189332474214966,0.04416950021935437,0.01772382452279529,0.04824953017116836,0.20959802162258484,0.0026955201450179897,0.1424882926085788,0.001987707462560688,0.0007078126824573026,0.12228795668727416,0.26577865584861715,93,65,28,0,0.6781609195402298,0.7419354838709677
30,0.1,10%,long,long_xray,0.07193792931241684,0.07193792931241684,0.05773385725217389,0.014204072060242948,0.06306685548970899,0.16797420889506856,0.00298789003160965,0.15794330081083854,0.002370100247712701,0.0006177897838969494,0.14581356758776037,0.23197569417816083,96,69,27,0,0.6781609195402298,0.7419354838709677
30,0.15,15%,p3_flux_ic,p3,0.7810872213645182,0.781087221364518,0.7474802007672001,0.03360702059731797,0.8314548307691557,0.3327519230837664,0.00800971775571832,0.6006854071901524,0.007658573419119099,0.0003511443365992205,0.6748452965081101,0.1768399758199124,387,294,93,0,0.6704545454545454,0.7717391304347826
30,0.15,15%,p5_flux_ic,p5,0.0793043624754592,0.07930436247545919,0.05439107837321363,0.024913284102245588,0.060501568894715085,0.24667295844773665,0.001878165614406386,0.140852238651581,0.001268589220323173,0.0006095763940832129,0.11178341209066245,0.3069890741626845,165,91,74,0,0.6704545454545454,0.7717391304347826
30,0.15,15%,p7_flux_ic,p7,0.06787387097066212,0.06787387097066211,0.04150357060234154,0.0263703003683206,0.04616623187619799,0.26109925854467175,0.0016415632478075821,0.12310834389060882,0.0010261550886019953,0.0006154081592055873,0.09042100886597905,0.3099260123266771,166,99,67,0,0.6704545454545454,0.7717391304347826
30,0.15,15%,long,long_xray,0.0717345451893608,0.07173454518936079,0.05562792600121024,0.01610661918815055,0.06187736845993118,0.15947585992382518,0.0018048506029468823,0.13535401026765798,0.0013953179648282855,0.00040953263811859664,0.12295028253524846,0.20624493769072605,160,100,60,0,0.6704545454545454,0.7717391304347826
30,0.25,25%,p3_flux_ic,p3,0.7677624652620829,0.7677624652620829,0.72787114365102,0.03989132161106322,0.8338003543673991,0.313996468684586,0.005594755340894978,0.6481262283151243,0.005307633192828573,0.00028712214806640447,0.7380212034185514,0.199322292238044,551,372,179,0,0.6590909090909091,0.7717391304347826
30,0.25,25%,p5_flux_ic,p5,0.07991440760569268,0.07991440760569268,0.05031730983351747,0.02959709777217529,0.05764013470784924,0.23296756809376046,0.0010032574197388667,0.11622267782320908,0.0006150771788136062,0.00038818024092526006,0.08552588003192227,0.2694775583973567,307,161,146,0,0.6590909090909091,0.7717391304347826
30,0.25,25%,p7_flux_ic,p7,0.06878076866796536,0.06878076866796536,0.03825790305135812,0.03052286561660721,0.04382568727971209,0.24025456241316517,0.0009249170463751175,0.10714731212456834,0.000525983399580192,0.0003989336467949258,0.07313747718302277,0.27694265129159107,301,162,139,0,0.6590909090909091,0.7717391304347826
30,0.25,25%,long,long_xray,0.08354235846425867,0.08354235846425867,0.05650978918708498,0.027032569277173662,0.06473382364503967,0.21278140080848848,0.0011092703670823759,0.1285037817370984,0.0007430144998182829,0.00036625586726409296,0.10331543936650354,0.2542574980730081,303,163,140,0,0.6590909090909091,0.7717391304347826
30,0.5,50%,p3_flux_ic,p3,0.7521760778283706,0.7521760778283706,0.7079568088776088,0.044219268950761184,0.8160471717634307,0.3338411344111435,0.0037024475893169227,0.724353928890978,0.0034926852603491903,0.00020976232896773156,0.7973888609696267,0.28686383633869694,842,489,353,0,0.6363636363636364,0.7912087912087912
30,0.5,50%,p5_flux_ic,p5,0.0889147152242235,0.0889147152242235,0.05814141395017029,0.030773301274053106,0.06701840539055512,0.2323284407606411,0.00046987132631507795,0.09192652511047007,0.00029132767621962156,0.00017854365009545658,0.06651084383322513,0.24417023148220107,729,437,292,0,0.6363636363636364,0.7912087912087912
30,0.5,50%,p7_flux_ic,p7,0.06870596902144321,0.06870596902144321,0.04197964096827464,0.02672632805316863,0.04838906392907814,0.20177510591252315,0.0004145891707697149,0.0811110184487718,0.0002535742761788228,0.00016101489459089213,0.05789164730898594,0.2201985008333869,668,353,315,0,0.6363636363636364,0.7912087912087912
30,0.5,50%,long,long_xray,0.0902032379259642,0.0902032379259642,0.0594661132852652,0.030737124640698974,0.06854535891693611,0.2320553189156923,0.0005244710911580105,0.10260852754978032,0.0003425658484602638,0.00018190524269774707,0.07820864788816208,0.24876743134571508,685,358,327,0,0.6363636363636364,0.7912087912087912
30,1.0,100%,p3_flux_ic,p3,0.7427057553308051,0.7427057553308051,0.6966081342386994,0.04609762109210551,0.8171456543813218,0.3125041124801697,0.002036873776740472,0.7433369341382488,0.0019106957819845214,0.00012617799475595062,0.8178161988812009,0.31244799839342485,1462,731,731,0,0.6363636363636364,0.7634408602150538
30,1.0,100%,p5_flux_ic,p5,0.08862604486992723,0.08862604486992723,0.0545896683927798,0.03403637647714743,0.06403558630567491,0.23073875334650293,0.0002421457520236515,0.08836869666607519,0.00014900494388514628,9.314080813850511e-05,0.0637771109203423,0.23063973340129093,1462,731,731,0,0.6363636363636364,0.7634408602150538
30,1.0,100%,p7_flux_ic,p7,0.07697250082542606,0.07697250082542606,0.04437032430865116,0.032602176516774925,0.05204793902087915,0.22101605236720964,0.0002104405753880149,0.07679820611051408,0.00012118215267434862,8.925842271366632e-05,0.051868397055570614,0.2210259845274963,1462,731,731,0,0.6363636363636364,0.7634408602150538
30,1.0,100%,long,long_xray,0.0916956989738418,0.0916956989738418,0.056921426793244335,0.03477427218059746,0.06677082029212422,0.2357410818061178,0.0002507155593937908,0.09149616308516219,0.00015545600126591592,9.525955812787487e-05,0.06653829314288633,0.23588628367778794,1462,731,731,0,0.6363636363636364,0.7634408602150538
60,0.05,5%,p3_flux_ic,p3,0.818252359022124,0.818252359022124,0.7976935423237491,0.020558816698374817,0.8914265662380733,0.19551994174541437,0.014300572137460126,0.31289084103376513,0.013929169447008732,0.00037140269045139246,0.46767507986734824,0.023328131211805724,225,216,9,0,0.5051546391752577,0.5841584158415841
60,0.05,5%,p5_flux_ic,p5,0.04506401980464138,0.04506401980464138,0.018097295775267253,0.026966724029374136,0.02022381951864145,0.2564608843321558,0.009603185532149673,0.21011388697426334,0.004766227794447994,0.004836957737701679,0.16002719852856157,0.3038135901329217,18,8,10,0,0.5051546391752577,0.5841584158415841
60,0.05,5%,p7_flux_ic,p7,0.049312928902352914,0.049312928902352914,0.026210159280686766,0.023102769621666144,0.029289985500036763,0.21971362636561512,0.011022714666866378,0.2411726208881309,0.006003701149913343,0.005019013516953035,0.20157565212105163,0.31524867451823263,18,9,9,0,0.5051546391752577,0.5841584158415841
60,0.05,5%,long,long_xray,0.08737069227088179,0.08737069227088179,0.052849540550876054,0.03452115172000572,0.059059628743248306,0.32830554755681474,0.010778196071880665,0.2358226511038407,0.005084762341512286,0.00569343373036838,0.17072206948303859,0.3576096041370401,32,17,15,0,0.5051546391752577,0.5841584158415841
60,0.1,10%,p3_flux_ic,p3,0.7736562666552275,0.7736562666552275,0.7136298164754461,0.060026450179781504,0.8661081456619261,0.3409625337138619,0.008982644973364833,0.446818566067266,0.008263803606000465,0.0007188413673643667,0.6205974940817937,0.10590384589365395,338,274,64,0,0.5257731958762887,0.57
60,0.1,10%,p5_flux_ic,p5,0.07791458630208928,0.07791458630208928,0.033185296908031854,0.04472928939405745,0.040275861945077304,0.25407152675763833,0.0032549137371723972,0.16190731048910925,0.0014149841768899218,0.0018399295602824774,0.106262887673861,0.27106900834292896,95,43,52,0,0.5257731958762887,0.57
60,0.1,10%,p7_flux_ic,p7,0.060264448351657854,0.060264448351657854,0.02300618946860934,0.037258258883048526,0.027921826750199635,0.21163454298035703,0.004293652993387569,0.2135767226005825,0.0017010595988521933,0.0025925933945353742,0.1277466617871839,0.38195577464674135,57,18,39,0,0.5257731958762887,0.57
60,0.1,10%,long,long_xray,0.08816469869102524,0.08816469869102524,0.05412870852905732,0.034035990161967934,0.06569416564279693,0.19333139654814263,0.0035723508056342747,0.17769740084304222,0.001936035593626493,0.001636315212007782,0.14539295645716144,0.24107137111667568,95,58,37,0,0.5257731958762887,0.57
60,0.15,15%,p3_flux_ic,p3,0.7444242016855692,0.7444242016855692,0.6808969022171263,0.0635272994684429,0.8570650573704689,0.30906282986342953,0.007043771031314188,0.5185640229809588,0.00643018932695118,0.0006135817043630077,0.7059434662154708,0.13712618465574097,416,311,105,0,0.5208333333333334,0.5841584158415841
60,0.15,15%,p5_flux_ic,p5,0.08492697728712677,0.08492697728712677,0.035305472319303886,0.04962150496782291,0.04444004159852469,0.24141058845191102,0.001936166774605984,0.1425410376541471,0.0007945733009232961,0.001141593473682688,0.08723286386996902,0.255128789468252,174,74,100,0,0.5208333333333334,0.5841584158415841
60,0.15,15%,p7_flux_ic,p7,0.06601822862867035,0.06601822862867035,0.020824700446819916,0.04519352818185043,0.02621266600723215,0.21986830588216255,0.0022224304622227753,0.16361583534759677,0.0007103147376758323,0.0015121157245469449,0.07798247026990175,0.33793488070237665,117,33,84,0,0.5208333333333334,0.5841584158415841
60,0.15,15%,long,long_xray,0.1046305923986343,0.1046305923986343,0.057424753803425696,0.04720583859520861,0.07228223502377416,0.2296582758024969,0.00238085524748615,0.17527910401729718,0.0011735689137659644,0.0012072863337201855,0.1288411996446586,0.26981014517363044,171,97,74,0,0.5208333333333334,0.5841584158415841
60,0.25,25%,p3_flux_ic,p3,0.7250968897504801,0.7250968897504801,0.6626121784177287,0.062484711332750874,0.8450762460920321,0.2893958573009603,0.0052046099734931765,0.5914643114618059,0.004753309908968606,0.0004513000645245719,0.7543552641571898,0.18063723762758185,554,366,188,0,0.53125,0.6
60,0.25,25%,p5_flux_ic,p5,0.08905195285743267,0.08905195285743267,0.03359832714096483,0.0554536257164678,0.04285032648065636,0.25683161868513454,0.0010963558653779618,0.12459249979065481,0.0004183044750115657,0.0006780513903663952,0.06638535857931335,0.2713966599015588,325,139,186,0,0.53125,0.6
60,0.25,25%,p7_flux_ic,p7,0.08679572714627316,0.08679572714627316,0.033641108222795486,0.05315461892347766,0.042904888224636895,0.24618384537215474,0.0012656648152356668,0.14383317334005008,0.0004947225985595631,0.0007709422166761036,0.07851299487474579,0.30857711606481214,273,103,170,0,0.53125,0.6
60,0.25,25%,long,long_xray,0.09905543024581419,0.09905543024581419,0.05423406071464111,0.04482136953117304,0.06916853920267457,0.20758867864175046,0.00123290276259245,0.14011001540748938,0.0006348186331492252,0.0005980841294432232,0.1007463823887509,0.23938898640604714,310,155,155,0,0.53125,0.6
60,0.5,50%,p3_flux_ic,p3,0.7008640650770847,0.7008640650770845,0.6346265547298829,0.06623751034720075,0.828593041994359,0.2829557877072074,0.0032724624629094,0.6548028750043267,0.002962241736134534,0.0003102207267748675,0.797901164704955,0.24140042009112908,856,480,376,0,0.5157894736842106,0.59
60,0.5,50%,p5_flux_ic,p5,0.10214173122114922,0.1021417312211492,0.03705631500331088,0.06508541621783834,0.0483821619893662,0.27803423041772257,0.0005778421960188256,0.11562324565689484,0.00021043596353202717,0.00036740623248679823,0.056682443687772074,0.28589971981716567,706,312,394,0,0.5157894736842106,0.59
60,0.5,50%,p7_flux_ic,p7,0.09099622548057258,0.09099622548057257,0.039420693513620764,0.05157553196695193,0.051469186267947824,0.22032221920224807,0.0005436769716473242,0.10878696032216942,0.0002322353224986239,0.0003114416491487006,0.0625542581643199,0.24235048934345166,667,313,354,0,0.5157894736842106,0.59
60,0.5,50%,long,long_xray,0.10599797822119456,0.10599797822119453,0.05480505843601554,0.051192919785179106,0.0715556097483269,0.2186877626728221,0.0006036483246804897,0.1207869190166088,0.00030762916622715896,0.00029601915845333093,0.08286213344295293,0.23034937074825346,695,342,353,0,0.5157894736842106,0.59
60,1.0,100%,p3_flux_ic,p3,0.6931906193447718,0.6931906193447718,0.6256002158996844,0.06759040344508771,0.8100628287235062,0.2968215215599503,0.0018975427045225812,0.6932425111904184,0.001712547870306089,0.00018499483421649385,0.8102434876440617,0.2966668425053563,1462,731,731,0,0.5104166666666666,0.5742574257425742
60,1.0,100%,p5_flux_ic,p5,0.10218523884704588,0.10218523884704588,0.047757707594981894,0.05442753125206393,0.0618394027439795,0.23901710623926578,0.00027961713634860625,0.10215447869087714,0.0001304646622610424,0.0001491524740875639,0.06172565730720161,0.23918826559036116,1462,731,731,0,0.5104166666666666,0.5742574257425742
60,1.0,100%,p7_flux_ic,p7,0.09503754566941344,0.09503754566941344,0.04032789107534195,0.054709654594071414,0.05221885269646919,0.24025604365306996,0.00026006226218634537,0.09501036012218907,0.00011025719359005037,0.0001498050685962952,0.052165066227481134,0.24023479833902742,1462,731,731,0,0.5104166666666666,0.5742574257425742
60,1.0,100%,long,long_xray,0.10958659613876874,0.10958659613876874,0.058600227594773936,0.05098636854399472,0.07587891583604517,0.22390532854771397,0.0002999768913667535,0.10959264999651488,0.00016035154500619402,0.0001396253463605597,0.07586578882125537,0.22391009356525507,1462,731,731,0,0.5104166666666666,0.5742574257425742
120,0.05,5%,p3_flux_ic,p3,0.785564110557582,0.785564110557582,0.7506039185576502,0.034960191999931736,0.8674077780833584,0.25962106549530595,0.013476022407556033,0.23504075050137843,0.012836845044709552,0.0006391773628464821,0.34423711822794234,0.031888508794127045,229,220,9,0,0.3229166666666667,0.4
120,0.05,5%,p5_flux_ic,p5,0.055576968531724516,0.055576968531724516,0.016369505514390092,0.039207463017334424,0.018916816253564277,0.2911621115795944,0.012710604449608608,0.22169078670328304,0.004244476240339512,0.008466128209269093,0.11382129053303564,0.4223744762348953,18,6,12,0,0.3229166666666667,0.4
120,0.05,5%,p7_flux_ic,p7,0.06791973557785234,0.06791973557785234,0.04844413575172744,0.019475599826124887,0.055982681564361,0.14462952543363067,0.018986406654623623,0.33114958809544015,0.015572815548410082,0.0034135911062135437,0.4176058157911084,0.17030379412261684,16,11,5,0,0.3229166666666667,0.4
120,0.05,5%,long,long_xray,0.09093918533284112,0.09093918533284112,0.04992390646582402,0.04101527886701711,0.05769272409871629,0.3045872974914692,0.012161800464063092,0.21211887469989843,0.004636568802210919,0.00752523166185217,0.12433577544791359,0.37543322084836084,30,18,12,0,0.3229166666666667,0.4
120,0.1,10%,p3_flux_ic,p3,0.6981447555678751,0.6981447555678751,0.646083857064412,0.05206089850346306,0.8448054648325761,0.22132133517724897,0.008496619331000141,0.3798600736430001,0.00784494790573987,0.0006516714252602664,0.6104584849536402,0.06847554123962661,325,281,44,0,0.35106382978723405,0.39603960396039606
120,0.1,10%,p5_flux_ic,p5,0.09009711346280039,0.09009711346280039,0.024868328681850578,0.06522878478094983,0.032517295923686206,0.27730066431237116,0.004357814526606108,0.1948256927269306,0.0011650003123262881,0.0031928142142798204,0.09065507307102386,0.33549066742195566,84,26,58,0,0.35106382978723405,0.39603960396039606
120,0.1,10%,p7_flux_ic,p7,0.09700759524855573,0.09700759524855573,0.03681199221722494,0.06019560303133081,0.04813457549889758,0.25590359785679806,0.00472690200333882,0.21132656097000554,0.0018256459405104825,0.0029012560628283385,0.14206353799881405,0.30485467288607165,82,24,58,0,0.35106382978723405,0.39603960396039606
120,0.1,10%,long,long_xray,0.11475053572076886,0.11475053572076886,0.05700816781253451,0.057742367908234275,0.07454266374483999,0.24547440265358178,0.004786425113548475,0.21398767266006385,0.0020153172450639123,0.00277110786848456,0.15682290397652188,0.291179118452346,94,48,46,0,0.35106382978723405,0.39603960396039606
120,0.15,15%,p3_flux_ic,p3,0.6811064842833767,0.6811064842833767,0.6128138993518494,0.06829258493152728,0.8307533634191003,0.26032134598139633,0.006403929200491684,0.43440217949625587,0.005749021113537964,0.0006549080869537227,0.6468829214394348,0.11186081508982736,421,330,91,0,0.34375,0.4158415841584158
120,0.15,15%,p5_flux_ic,p5,0.10068757573514792,0.10068757573514792,0.027353313063096334,0.07333426267205162,0.03708117073039152,0.2795394841838624,0.002530459958183673,0.17165044873990712,0.0006801188382516627,0.00185034111993201,0.07652733436275017,0.31604536574373426,159,54,105,0,0.34375,0.4158415841584158
120,0.15,15%,p7_flux_ic,p7,0.09887545258842574,0.09887545258842574,0.03997270551653397,0.05890274707189175,0.05418848950381858,0.22452865732247065,0.0029246567922261513,0.19839027650774516,0.001165179285213017,0.0017594775070131324,0.13110659451995968,0.3005255118808968,135,44,91,0,0.34375,0.4158415841584158
120,0.15,15%,long,long_xray,0.11933048739304933,0.11933048739304933,0.05752053141020492,0.06180995598284442,0.07797697634668954,0.23561051251227072,0.002882890215067658,0.19555709525609188,0.0012929475666182064,0.0015899426484494532,0.14548314967785525,0.27156830728554143,163,80,83,0,0.34375,0.4158415841584158
120,0.25,25%,p3_flux_ic,p3,0.6582417040510024,0.6582417040510024,0.5840823815558644,0.07415932249513806,0.8163311562976059,0.2606625828274935,0.004450134515079504,0.4871270846664107,0.003945731124656123,0.0005044033904233796,0.6928226870772609,0.14661540774808882,593,405,188,0,0.3404255319148936,0.39805825242718446
120,0.25,25%,p5_flux_ic,p5,0.10546091481825876,0.10546091481825876,0.032137887676935734,0.07332302714132304,0.044916881311144755,0.2577230885117741,0.0015038907392005384,0.1646210713319266,0.000451543710664104,0.0010523470285364333,0.07928561705592807,0.305886700229855,280,111,169,0,0.3404255319148936,0.39805825242718446
120,0.25,25%,p7_flux_ic,p7,0.1095733051858339,0.1095733051858339,0.04161229600520422,0.06796100918062957,0.058158600202320276,0.23887613301412378,0.0015955605129351852,0.1746555611838789,0.0006041936337156221,0.0009913668792195637,0.10608909821809342,0.288161542892733,276,102,174,0,0.3404255319148936,0.39805825242718446
120,0.25,25%,long,long_xray,0.12672407594490517,0.12672407594490517,0.05766429783030698,0.06905977811459818,0.08059336218892903,0.24273819564660867,0.0015858835079678565,0.17359628281778372,0.0006936844153212851,0.0008921990926465708,0.12180259764871752,0.25933634912932313,313,132,181,0,0.3404255319148936,0.39805825242718446
120,0.5,50%,p3_flux_ic,p3,0.6405793764806977,0.6405793764806977,0.5585893694320924,0.08199000704860569,0.7970947006661212,0.2740140012295753,0.002751398759358392,0.5593720552330235,0.002397358609723609,0.00035404014963478613,0.7371837230014788,0.2124227469571587,930,533,397,0,0.3617021276595745,0.4117647058823529
120,0.5,50%,p5_flux_ic,p5,0.11332912175190264,0.11332912175190264,0.04088051426855055,0.07244860748335218,0.058335591522439154,0.24212624848605718,0.0006693423464400938,0.13608038555269245,0.00024109864875203067,0.00042824369768806295,0.07413742724044892,0.256944594345667,677,309,368,0,0.3617021276595745,0.4117647058823529
120,0.5,50%,p7_flux_ic,p7,0.11508633391599384,0.11508633391599384,0.0445939132048191,0.0704924207111747,0.0636345298401665,0.23558859122888742,0.000690769498569055,0.14043662438699456,0.00026562046673801157,0.0004251490318310443,0.08167784485020907,0.2550878065690813,669,282,387,0,0.3617021276595745,0.4117647058823529
120,0.5,50%,long,long_xray,0.13100516785140554,0.13100516785140554,0.056717890597022674,0.07428727725438303,0.08093517797127307,0.24827115905548003,0.0008072169824301455,0.16411093482728936,0.0003479726591364651,0.0004592443232936804,0.10700100490786317,0.275544852128093,648,292,356,0,0.3617021276595745,0.4117647058823529
120,1.0,100%,p3_flux_ic,p3,0.6113329494427432,0.6113329494427432,0.5364302442144327,0.07490270522831043,0.7646437715976461,0.25096622310415617,0.0016736293643041396,0.6115645633789222,0.001468712746254176,0.0002049166180499644,0.7650130865032115,0.2508827194165338,1462,731,731,0,0.3404255319148936,0.39603960396039606
120,1.0,100%,p5_flux_ic,p5,0.1255365049013635,0.1255365049013635,0.04806122016113404,0.0774752847402295,0.06850790582363962,0.25958581250047397,0.0003434122703900082,0.1254870281792356,0.0001313812800001345,0.00021203099038987383,0.06843298580882033,0.2595929601796477,1462,731,731,0,0.3404255319148936,0.39603960396039606
120,1.0,100%,p7_flux_ic,p7,0.12702234417511904,0.12702234417511904,0.053200162641788964,0.07382218153333,0.07583310868610273,0.24734586053010474,0.00034733062663611325,0.12691884329787667,0.0001453021199361696,0.0002020285066999437,0.07568397804902817,0.24734675812473522,1462,731,731,0,0.3404255319148936,0.39603960396039606
120,1.0,100%,long,long_xray,0.13610820148077446,0.13610820148077446,0.06385105748475675,0.0722571439960178,0.09101521389261168,0.2421021038652651,0.00037226335250789317,0.13602956514396547,0.0001744569545812937,0.00019780639792659987,0.0908699496389399,0.24217756227908335,1462,731,731,0,0.3404255319148936,0.39603960396039606
