forecast_lag_min,top_percent,top_percent_label,windows_used,total_concat_features,global_total_features_before_selection,baseline_feature_count_cumimp_gt50,baseline_cumimp_reached_gt50,feature_count_cumimp_gt50,cumimp_reached_at_gt50,train_accuracy,train_f1,train_precision,train_recall,train_tss,train_hss,train_css,val_accuracy,val_f1,val_precision,val_recall,val_tss,val_hss,val_css,test_accuracy,test_f1,test_precision,test_recall,test_tss,test_hss,test_css,channel_unmatched_feature_count,window45_total_features,window45_selected_features,window90_total_features,window90_selected_features,window180_total_features,window180_selected_features,window360_total_features,window360_selected_features,importance_sum_p3,importance_share_p3,feature_count_p3,importance_sum_norm_p3,importance_share_norm_p3,importance_sum_p5,importance_share_p5,feature_count_p5,importance_sum_norm_p5,importance_share_norm_p5,importance_sum_p7,importance_share_p7,feature_count_p7,importance_sum_norm_p7,importance_share_norm_p7,importance_sum_long_xray,importance_share_long_xray,feature_count_long_xray,importance_sum_norm_long_xray,importance_share_norm_long_xray
5,0.05,5%,"45,90,180,360",293,5848,60,0.5017793864300869,27,0.5062641771791759,1.0,1.0,1.0,1.0,1.0,1.0,1.0,0.9866529774127311,0.9212121212121213,0.8941176470588236,0.95,0.9399328859060403,0.9139283529331792,0.8539325842696629,0.9859002169197397,0.9248554913294798,0.898876404494382,0.9523809523809523,0.9416410955790431,0.9170828894392407,0.8602150537634409,0,1472,49,1472,54,1456,95,1448,95,0.9547174831111328,0.9547174831111328,242,0.012659307260163682,0.5712051925776265,0.011586621760423712,0.011586621760423712,18,0.001852689095861851,0.08359585639558559,0.026061499525014888,0.026061499525014888,25,0.0038332571376290298,0.17296178507248272,0.007634395603429437,0.007634395603429437,8,0.0038171978017147185,0.17223716595430483
5,0.1,10%,"45,90,180,360",585,5848,60,0.5017793864300869,29,0.5012918298812328,1.0,1.0,1.0,1.0,1.0,1.0,1.0,0.9866529774127311,0.9212121212121213,0.8941176470588236,0.95,0.9399328859060403,0.9139283529331792,0.8539325842696629,0.9837310195227765,0.9132947976878613,0.8876404494382022,0.9404761904761905,0.9285430162518469,0.9043264108914316,0.8404255319148937,0,1472,131,1472,124,1456,165,1448,165,0.9373792056874479,0.9373792056874479,366,0.009227614947689746,0.7326287945464947,0.023666061883543907,0.023666061883543907,95,0.0010072063764167468,0.07996740193396226,0.02701785327103202,0.02701785327103202,74,0.0013397721180638414,0.10637154209277677,0.011936879157975701,0.011936879157975701,50,0.0010206185074251599,0.0810322614267669
5,0.15,15%,"45,90,180,360",878,5848,60,0.5017793864300869,35,0.5071427257106592,1.0,1.0,1.0,1.0,1.0,1.0,1.0,0.9866529774127311,0.9212121212121213,0.8941176470588236,0.95,0.9399328859060403,0.9139283529331792,0.8539325842696629,0.9837310195227765,0.9122807017543859,0.896551724137931,0.9285714285714286,0.9178315717695193,0.9033178138500901,0.8387096774193549,0,1472,213,1472,198,1456,234,1448,233,0.9274785975656191,0.9274785975656191,454,0.00772696562165103,0.7960481926631335,0.026794691703491278,0.026794691703491278,173,0.0006200191016187214,0.06387566729651663,0.033117937546315174,0.033117937546315174,152,0.0008497908829830889,0.08754723777271746,0.012608773184574278,0.012608773184574278,99,0.0005098799616731544,0.0525289022676324
5,0.25,25%,"45,90,180,360",1462,5848,60,0.5017793864300869,37,0.5081895548646539,1.0,1.0,1.0,1.0,1.0,1.0,1.0,0.9866529774127311,0.9202453987730062,0.9036144578313253,0.9375,0.9285514541387023,0.9129651778226859,0.8522727272727273,0.9837310195227765,0.9122807017543859,0.896551724137931,0.9285714285714286,0.9178315717695193,0.9033178138500901,0.8387096774193549,0,1472,371,1472,341,1456,378,1448,372,0.9215102039415103,0.9215102039415103,616,0.005781173393497026,0.8410151872083631,0.03136789693146086,0.03136789693146086,327,0.0003828785574471518,0.05569919110741338,0.030496847645714822,0.030496847645714822,298,0.00040682513796635387,0.059182815715699784,0.016625051481314296,0.016625051481314296,221,0.0003031645234494694,0.044102805968523465
5,0.5,50%,"45,90,180,360",2924,5848,60,0.5017793864300869,49,0.5002913579950409,1.0,1.0,1.0,1.0,1.0,1.0,1.0,0.9866529774127311,0.9202453987730062,0.9036144578313253,0.9375,0.9285514541387023,0.9129651778226859,0.8522727272727273,0.9837310195227765,0.9132947976878613,0.8876404494382022,0.9404761904761905,0.9285430162518469,0.9043264108914316,0.8404255319148937,0,1472,1175,1472,902,1456,440,1448,407,0.9188932837362904,0.9188932837362904,921,0.005098493746567161,0.9026900689514182,0.0307124249012894,0.0307124249012894,650,0.00020168441341725634,0.03570829466577855,0.03352904296156906,0.03352904296156906,744,0.00020550584401313575,0.03638488026528234,0.016865248400851334,0.016865248400851334,609,0.0001424270386880831,0.025216756117521395
5,1.0,100%,"45,90,180,360",5848,5848,60,0.5017793864300869,61,0.5048065187178465,1.0,1.0,1.0,1.0,1.0,1.0,1.0,0.9856262833675564,0.9135802469135802,0.9024390243902439,0.925,0.9160514541387026,0.9057428042137861,0.8409090909090909,0.9837310195227765,0.9132947976878613,0.8876404494382022,0.9404761904761905,0.9285430162518469,0.9043264108914316,0.8404255319148937,0,1472,1472,1472,1472,1456,1456,1448,1448,0.9024912696668735,0.9024912696668733,1462,0.0024777415076927697,0.9027881361849748,0.036088349011713886,0.03608834901171388,1462,9.879119030442974e-05,0.03599548794316367,0.038509442055157356,0.03850944205515735,1462,0.00010536740865902185,0.03839159419276838,0.022910939266254884,0.02291093926625488,1462,6.264361116806568e-05,0.022824781679093034
15,0.05,5%,"45,90,180,360",293,5848,61,0.5000712068137533,30,0.5036568762723548,1.0,1.0,1.0,1.0,1.0,1.0,1.0,0.9753593429158111,0.84,0.9,0.7875,0.7796700223713646,0.826716085989622,0.7241379310344828,0.982646420824295,0.9024390243902439,0.925,0.8809523809523809,0.8737924764177747,0.8929214331339643,0.8222222222222222,0,1472,61,1472,65,1456,91,1448,76,0.9199158578353777,0.9199158578353777,218,0.015798747542517817,0.5883801718733441,0.00979429458046644,0.00979429458046644,16,0.0026124151922913615,0.09729209835832106,0.02739236380443015,0.02739236380443015,27,0.003884878118774944,0.14468142168107043,0.042897483779726,0.042897483779726,32,0.004555216713808359,0.16964630808726458
15,0.1,10%,"45,90,180,360",585,5848,61,0.5000712068137533,36,0.5032784925808396,1.0,1.0,1.0,1.0,1.0,1.0,1.0,0.9743326488706365,0.8366013071895425,0.8767123287671232,0.8,0.7899328859060404,0.8227053632537753,0.7191011235955056,0.9815618221258134,0.896969696969697,0.9135802469135802,0.8809523809523809,0.8725991589953404,0.8868482984652257,0.8131868131868132,0,1472,134,1472,143,1456,155,1448,153,0.896644641543938,0.896644641543938,316,0.011014677968173164,0.7184132945383485,0.020975436508420608,0.020975436508420608,82,0.0010531045013354246,0.06868691726472932,0.03622352731866208,0.03622352731866208,84,0.0016852645601799518,0.10991846228695536,0.046156394628979504,0.046156394628979504,103,0.001578904719967191,0.1029813259099674
15,0.15,15%,"45,90,180,360",878,5848,61,0.5000712068137533,36,0.5005386393798197,1.0,1.0,1.0,1.0,1.0,1.0,1.0,0.9763860369609856,0.8496732026143791,0.8904109589041096,0.8125,0.8035514541387023,0.8368889341934732,0.7386363636363636,0.9815618221258134,0.896969696969697,0.9135802469135802,0.8809523809523809,0.8725991589953404,0.8868482984652257,0.8131868131868132,0,1472,215,1472,225,1456,226,1448,212,0.8839030108383801,0.8839030108383801,406,0.008691268124245482,0.7582737217622662,0.023919566597510402,0.023919566597510402,138,0.0006888876374125171,0.06010232168992625,0.04044352982214597,0.04044352982214597,156,0.001003836142339326,0.08758015019323748,0.051733892741963376,0.051733892741963376,178,0.001077922012848605,0.09404380635456955
15,0.25,25%,"45,90,180,360",1462,5848,61,0.5000712068137533,41,0.5028003727871738,1.0,1.0,1.0,1.0,1.0,1.0,1.0,0.9743326488706365,0.8344370860927153,0.8873239436619719,0.7875,0.7785514541387024,0.8205785696390939,0.7159090909090909,0.982646420824295,0.9036144578313253,0.9146341463414634,0.8928571428571429,0.8845039209001024,0.8940808179442259,0.8241758241758241,0,1472,365,1472,359,1456,375,1448,363,0.8746137871656746,0.8746137871656746,560,0.006310593877340221,0.7958989429649667,0.03110015051344362,0.03110015051344362,272,0.000457089364867365,0.0576486063609272,0.04133740302532274,0.04133740302532274,296,0.000541825790472549,0.06833565624571881,0.05294865929555946,0.05294865929555946,334,0.0006193793433130934,0.0781167944283874
15,0.5,50%,"45,90,180,360",2924,5848,61,0.5000712068137533,50,0.5035151187202017,1.0,1.0,1.0,1.0,1.0,1.0,1.0,0.9753593429158111,0.8421052631578947,0.8888888888888888,0.8,0.7910514541387026,0.8287823743114966,0.7272727272727273,0.982646420824295,0.9036144578313253,0.9146341463414634,0.8928571428571429,0.8845039209001024,0.8940808179442259,0.8241758241758241,0,1472,1043,1472,858,1456,519,1448,504,0.8641633271597322,0.8641633271597322,947,0.004439797646821711,0.8438248880382674,0.0339212744921398,0.0339212744921398,587,0.00025366638219587954,0.04821165818418345,0.04560465876735931,0.04560465876735931,608,0.0002859872801984325,0.054354545835341245,0.0563107395807688,0.0563107395807688,782,0.0002820640949377921,0.053608907942208184
15,1.0,100%,"45,90,180,360",5848,5848,61,0.5000712068137533,61,0.5041995830171124,1.0,1.0,1.0,1.0,1.0,1.0,1.0,0.973305954825462,0.8289473684210527,0.875,0.7875,0.7774328859060402,0.8145142388374546,0.7078651685393258,0.9815618221258134,0.896969696969697,0.9135802469135802,0.8809523809523809,0.8725991589953404,0.8868482984652257,0.8131868131868132,0,1472,1472,1472,1472,1456,1456,1448,1448,0.8483936854309381,0.8483936854309378,1462,0.002324633708138123,0.8487151605615485,0.05048581052708777,0.050485810527087754,1462,0.00013810921617772113,0.050423163517312124,0.05121038644340438,0.051210386443404365,1462,0.000139890335319424,0.051073443521872645,0.04991011759856957,0.04991011759856956,1462,0.0001363701376883273,0.04978823239926636
30,0.05,5%,"45,90,180,360",293,5848,92,0.5017480029010295,42,0.5030416499459687,1.0,1.0,1.0,1.0,1.0,1.0,1.0,0.9722792607802875,0.8163265306122449,0.8955223880597015,0.75,0.7421700223713645,0.8014615953736278,0.6896551724137931,0.9739696312364425,0.8536585365853658,0.875,0.8333333333333334,0.8214001591089897,0.8393821497009465,0.7446808510638298,0,1472,58,1472,68,1456,90,1448,77,0.826673761201648,0.826673761201648,200,0.01604452286316477,0.4344037592320382,0.07103071347123945,0.07103071347123945,36,0.00759685857597435,0.20568414230215776,0.04083473278930365,0.04083473278930365,27,0.0057046203383350575,0.15445199219065375,0.06146079253780917,0.06146079253780917,30,0.007588583898140412,0.2054601062751501
30,0.1,10%,"45,90,180,360",585,5848,92,0.5017480029010295,49,0.503700920096307,1.0,1.0,1.0,1.0,1.0,1.0,1.0,0.971252566735113,0.8082191780821918,0.8939393939393939,0.7375,0.7296700223713648,0.7928352222661116,0.6781609195402298,0.9739696312364425,0.8518518518518519,0.8846153846153846,0.8214285714285714,0.8106887146266621,0.8376045794804051,0.7419354838709677,0,1472,129,1472,133,1456,162,1448,161,0.797383860298821,0.797383860298821,298,0.010508665581686512,0.55518627806906,0.06863466463941151,0.06863466463941151,98,0.0027211064057811956,0.14375954072496872,0.06228521306602333,0.06228521306602333,93,0.0027165190321203794,0.14351718389202323,0.07169626199574415,0.07169626199574415,96,0.002981888578502293,0.1575369973139482
30,0.15,15%,"45,90,180,360",878,5848,92,0.5017480029010295,59,0.5032007158530531,1.0,1.0,1.0,1.0,1.0,1.0,1.0,0.9702258726899384,0.8027210884353742,0.8805970149253731,0.7375,0.7285514541387026,0.7867550468827855,0.6704545454545454,0.9772234273318872,0.8711656441717791,0.8987341772151899,0.8452380952380952,0.8356915558586202,0.8586859736961187,0.7717391304347826,0,1472,195,1472,219,1456,224,1448,240,0.7811442116070089,0.7811442116070089,387,0.008010445919850421,0.6007746325999742,0.07917032776995907,0.07917032776995907,165,0.0018748964752478459,0.14061517328127024,0.06795091543367149,0.06795091543367149,166,0.0016433358914547153,0.12324838421048762,0.07173454518936079,0.07173454518936079,160,0.001804850602946882,0.13536180990826815
30,0.25,25%,"45,90,180,360",1462,5848,92,0.5017480029010295,58,0.5013286027338588,1.0,1.0,1.0,1.0,1.0,1.0,1.0,0.9691991786447639,0.7945205479452054,0.8787878787878788,0.725,0.7160514541387024,0.7780377381422625,0.6590909090909091,0.9772234273318872,0.8711656441717791,0.8987341772151899,0.8452380952380952,0.8356915558586202,0.8586859736961187,0.7717391304347826,0,1472,337,1472,378,1456,369,1448,378,0.767701339077871,0.767701339077871,551,0.005594598104741851,0.6479850647482016,0.07992190795503082,0.07992190795503082,307,0.0010041096944275625,0.1162993432551423,0.06904582465998725,0.06904582465998725,301,0.0009281774927334917,0.10750462168443595,0.08333092830711052,0.08333092830711052,303,0.0011069527532931503,0.12821097031222042
30,0.5,50%,"45,90,180,360",2924,5848,92,0.5017480029010295,72,0.5024899291703893,1.0,1.0,1.0,1.0,1.0,1.0,1.0,0.9671457905544147,0.7777777777777778,0.875,0.7,0.6910514541387025,0.760275658380507,0.6363636363636364,0.9793926247288504,0.8834355828220859,0.9113924050632911,0.8571428571428571,0.8487896351858164,0.8721444523917264,0.7912087912087912,0,1472,784,1472,806,1456,638,1448,696,0.7521760778283706,0.7521760778283706,842,0.0037024475893169227,0.724353928890978,0.08891471522422349,0.08891471522422349,729,0.000469871326315078,0.09192652511047009,0.06870596902144321,0.06870596902144321,668,0.0004145891707697149,0.0811110184487718,0.0902032379259642,0.0902032379259642,685,0.0005244710911580105,0.10260852754978032
30,1.0,100%,"45,90,180,360",5848,5848,92,0.5017480029010295,94,0.5021481763385168,1.0,1.0,1.0,1.0,1.0,1.0,1.0,0.9671457905544147,0.7777777777777778,0.875,0.7,0.6910514541387025,0.760275658380507,0.6363636363636364,0.9761388286334056,0.8658536585365854,0.8875,0.8452380952380952,0.8344982384361859,0.8527669705592009,0.7634408602150538,0,1472,1472,1472,1472,1456,1456,1448,1448,0.7428852977263974,0.7428852977263974,1462,0.002037366721909143,0.743519870619968,0.08850878592405126,0.08850878592405126,1462,0.0002418218322836626,0.08825084631015714,0.07671049423917795,0.07671049423917795,1462,0.0002097154880349599,0.07653390568029043,0.09189542211037344,0.09189542211037344,1462,0.0002512604139155909,0.09169537738958462
60,0.05,5%,"45,90,180,360",293,5848,143,0.5005984152429985,53,0.5000215129164085,1.0,1.0,1.0,1.0,1.0,1.0,1.0,0.9527720739219713,0.684931506849315,0.7575757575757576,0.625,0.6071029082774049,0.6596578651514691,0.5208333333333334,0.955531453362256,0.7421383647798742,0.7866666666666666,0.7023809523809523,0.6832878736220025,0.717891311810624,0.59,0,1472,51,1472,77,1456,81,1448,84,0.8206244530164502,0.8206244530164502,225,0.014383207276269242,0.3141031524831962,0.041080348129677126,0.041080348129677126,19,0.008369223301285261,0.1827686532131649,0.05170927811182998,0.05170927811182998,17,0.0124560814898795,0.2720182215557678,0.08658592074204267,0.08658592074204267,32,0.010582837565832455,0.2311099727478713
60,0.1,10%,"45,90,180,360",585,5848,143,0.5005984152429985,71,0.5006127240353231,1.0,1.0,1.0,1.0,1.0,1.0,1.0,0.9517453798767967,0.6758620689655173,0.7538461538461538,0.6125,0.5946029082774049,0.6500955438355117,0.5104166666666666,0.9566160520607375,0.7468354430379747,0.7972972972972973,0.7023809523809523,0.6844811910444368,0.7232145537510132,0.5959595959595959,0,1472,122,1472,162,1456,162,1448,139,0.7695278228421163,0.7695278228421163,336,0.00897962379930435,0.43924661016388966,0.07813671533401087,0.07813671533401087,98,0.003191253889168161,0.156103137984248,0.0610165602350749,0.0610165602350749,57,0.004400820413245261,0.21527020414906264,0.09131890158879791,0.09131890158879791,94,0.0038715417355889253,0.18938004770280017
60,0.15,15%,"45,90,180,360",878,5848,143,0.5005984152429985,79,0.5017215671261166,1.0,1.0,1.0,1.0,1.0,1.0,1.0,0.9527720739219713,0.684931506849315,0.7575757575757576,0.625,0.6071029082774049,0.6596578651514691,0.5208333333333334,0.9501084598698482,0.7125,0.75,0.6785714285714286,0.6558983975451755,0.6852588458798385,0.5533980582524272,0,1472,200,1472,226,1456,249,1448,203,0.7436503543152289,0.7436503543152289,413,0.007102280143531794,0.5174830282528411,0.08666815523794759,0.08666815523794759,177,0.001963684644385188,0.143077076062045,0.07177817941186868,0.07177817941186868,120,0.0023977681416345715,0.1747050656839091,0.09790331103495448,0.09790331103495448,168,0.0022609300173879084,0.16473483000120495
60,0.25,25%,"45,90,180,360",1462,5848,143,0.5005984152429985,96,0.5009052487425483,1.0,1.0,1.0,1.0,1.0,1.0,1.0,0.9527720739219713,0.684931506849315,0.7575757575757576,0.625,0.6071029082774049,0.6596578651514691,0.5208333333333334,0.955531453362256,0.7320261437908496,0.8115942028985508,0.6666666666666666,0.6511535401750197,0.7080340454454176,0.5773195876288659,0,1472,341,1472,370,1456,392,1448,359,0.723276991035862,0.723276991035862,555,0.005184376264363382,0.5887473580828947,0.09280251318474779,0.09280251318474779,326,0.0011388793790351038,0.12933324885984926,0.08120045883281375,0.08120045883281375,272,0.0011917504349031605,0.13533738375942023,0.10272003694657653,0.10272003694657653,309,0.0012907680677513873,0.1465820092978357
60,0.5,50%,"45,90,180,360",2924,5848,143,0.5005984152429985,116,0.5006904103561488,1.0,1.0,1.0,1.0,1.0,1.0,1.0,0.9517453798767967,0.6758620689655173,0.7538461538461538,0.6125,0.5946029082774049,0.6500955438355117,0.5104166666666666,0.9522776572668112,0.717948717948718,0.7777777777777778,0.6666666666666666,0.6475735879077167,0.6920507682030728,0.56,0,1472,745,1472,725,1456,743,1448,711,0.7030079366876753,0.7030079366876753,856,0.003279240992764228,0.6561005184806177,0.10098442572127285,0.10098442572127285,708,0.0005716745739918016,0.11437890207698272,0.0958843530533185,0.0958843530533185,669,0.0005739153820607652,0.11482723610888419,0.1001232845377329,0.1001232845377329,691,0.0005732461756430627,0.11469334333351515
60,1.0,100%,"45,90,180,360",5848,5848,143,0.5005984152429985,139,0.5005937949961999,1.0,1.0,1.0,1.0,1.0,1.0,1.0,0.9517453798767967,0.6758620689655173,0.7538461538461538,0.6125,0.5946029082774049,0.6500955438355117,0.5104166666666666,0.9533622559652929,0.7295597484276729,0.7733333333333333,0.6904761904761905,0.6701897942948061,0.704129912386752,0.5742574257425742,0,1472,1472,1472,1472,1456,1456,1448,1448,0.6933211412863711,0.6933211412863711,1462,0.0018979195402555114,0.6933828722242802,0.10227405444350715,0.10227405444350715,1462,0.0002798536133189395,0.10224126897355487,0.09432568313656947,0.09432568313656947,1462,0.0002581054002851699,0.09429581180361048,0.11007912113355203,0.11007912113355203,1462,0.0003013098254368517,0.11008004699855402
120,0.05,5%,"45,90,180,360",293,5848,246,0.5000249398602895,66,0.5017330780319146,1.0,1.0,1.0,1.0,1.0,1.0,1.0,0.9332648870636551,0.49612403100775193,0.6530612244897959,0.4,0.3809843400447428,0.4625910395056279,0.32989690721649484,0.9349240780911063,0.5774647887323944,0.7068965517241379,0.4880952380952381,0.46780884191385375,0.5434890245915167,0.40594059405940597,0,1472,85,1472,74,1456,57,1448,77,0.7861913304183827,0.7861913304183827,227,0.013812512605125088,0.2506501868169801,0.05307312651853375,0.05307312651853375,16,0.013403976146677925,0.24323663777208485,0.07345649496472015,0.07345649496472015,18,0.017036022662421366,0.3091459450592517,0.0872790480983639,0.0872790480983639,32,0.010854220324263078,0.19696723035168331
120,0.1,10%,"45,90,180,360",585,5848,246,0.5000249398602895,102,0.5017618143571723,1.0,1.0,1.0,1.0,1.0,1.0,1.0,0.9383983572895277,0.53125,0.7083333333333334,0.425,0.40934004474272934,0.5004786652078774,0.3617021276595745,0.9338394793926247,0.5734265734265734,0.6949152542372882,0.4880952380952381,0.4666155244914194,0.5387504715665852,0.4019607843137255,0,1472,164,1472,166,1456,117,1448,138,0.6926650124238257,0.6926650124238257,327,0.008433934587238952,0.37381786453925736,0.09234693367919246,0.09234693367919246,82,0.004548104650673944,0.20158595619041758,0.10264177446828072,0.10264177446828072,81,0.005077688908922927,0.22505875580304188,0.11234627942870114,0.11234627942870114,95,0.004501886444896045,0.19953742346728365
120,0.15,15%,"45,90,180,360",878,5848,246,0.5000249398602895,124,0.5011168046945043,1.0,1.0,1.0,1.0,1.0,1.0,1.0,0.9353182751540041,0.5116279069767442,0.673469387755102,0.4125,0.39460290827740474,0.4791266998285317,0.34375,0.9360086767895879,0.5874125874125874,0.711864406779661,0.5,0.47971360381861583,0.5538734069250578,0.4158415841584158,0,1472,247,1472,222,1456,199,1448,210,0.6820858464336054,0.6820858464336054,422,0.006431025923574414,0.4354037814116445,0.09677935657613126,0.09677935657613126,157,0.0024548790202307607,0.1662042139184075,0.10239176917286989,0.10239176917286989,137,0.0030022997882272473,0.20326658549666737,0.11874302781739365,0.11874302781739365,162,0.002882052666109743,0.19512541917328094
120,0.25,25%,"45,90,180,360",1462,5848,246,0.5000249398602895,157,0.5008372037076835,1.0,1.0,1.0,1.0,1.0,1.0,1.0,0.9363449691991786,0.5079365079365079,0.6956521739130435,0.4,0.3843400447427294,0.47654380916057004,0.3404255319148936,0.9316702819956616,0.5594405594405595,0.6779661016949152,0.47619047619047616,0.4535174451642232,0.5236275362081125,0.3883495145631068,0,1472,408,1472,369,1456,334,1448,351,0.6623164764783401,0.6623164764783401,599,0.00442323036955982,0.48572225613697273,0.10569894913105182,0.10569894913105182,277,0.0015245495970261423,0.16741331741533114,0.10652404421812556,0.10652404421812556,269,0.0015935693565078484,0.17499249156917962,0.1254605301724823,0.1254605301724823,317,0.0015651520028665906,0.17187193487851657
120,0.5,50%,"45,90,180,360",2924,5848,246,0.5000249398602895,185,0.5000344021403436,1.0,1.0,1.0,1.0,1.0,1.0,1.0,0.9373716632443532,0.5196850393700787,0.7021276595744681,0.4125,0.39684004474272916,0.4885950868494896,0.35106382978723405,0.9349240780911063,0.5774647887323944,0.7068965517241379,0.4880952380952381,0.46780884191385375,0.5434890245915167,0.40594059405940597,0,1472,768,1472,727,1456,703,1448,726,0.635606863525108,0.6356068635251079,928,0.00273259813419728,0.5549983526813781,0.11880171098450795,0.11880171098450792,676,0.0007027435652446201,0.14272919101687606,0.1168203122580851,0.11682031225808508,665,0.0007037714057835793,0.14293794831594708,0.1287711132322986,0.12877111323229856,655,0.0007845017505578,0.15933450798579915
120,1.0,100%,"45,90,180,360",5848,5848,246,0.5000249398602895,250,0.5003755511529913,1.0,1.0,1.0,1.0,1.0,1.0,1.0,0.9363449691991786,0.5079365079365079,0.6956521739130435,0.4,0.3843400447427294,0.47654380916057004,0.3404255319148936,0.9327548806941431,0.5633802816901409,0.6896551724137931,0.47619047619047616,0.45471076258665755,0.5282719920779007,0.39215686274509803,0,1472,1472,1472,1472,1456,1456,1448,1448,0.6111205364843657,0.6111205364843657,1462,0.0016730598858180114,0.6113537714911262,0.12646966857230263,0.12646966857230263,1462,0.00034597351906456294,0.1264223818340864,0.1253711889304942,0.1253711889304942,1462,0.0003428227613989397,0.12527106167019905,0.13703860601283743,0.13703860601283743,1462,0.00037479152256372474,0.136952785004588
