forecast_lag_min,top_percent,top_percent_label,windows_used,total_concat_features,feature_count_cumimp_gt50,cumimp_reached_at_gt50,train_accuracy,train_f1,train_precision,train_recall,train_tss,train_hss,train_css,val_accuracy,val_f1,val_precision,val_recall,val_tss,val_hss,val_css,test_accuracy,test_f1,test_precision,test_recall,test_tss,test_hss,test_css,window45_total_features,window45_selected_features,window90_total_features,window90_selected_features,window180_total_features,window180_selected_features,window360_total_features,window360_selected_features
5,0.05,5%,"45,90,180,360",294,25,0.5037457044057089,1.0,1.0,1.0,1.0,1.0,1.0,1.0,0.9876796714579056,0.926829268292683,0.9047619047619048,0.95,0.9410514541387025,0.9201071799639088,0.8636363636363636,0.9848156182212582,0.9186046511627907,0.8977272727272727,0.9404761904761905,0.9297363336742812,0.9102364394993046,0.8494623655913979,1472,74,1472,74,1456,73,1448,73
5,0.1,10%,"45,90,180,360",587,32,0.5007836223032959,1.0,1.0,1.0,1.0,1.0,1.0,1.0,0.9897330595482546,0.9382716049382716,0.926829268292683,0.95,0.9432885906040269,0.9326734315812758,0.8837209302325582,0.9837310195227765,0.9132947976878613,0.8876404494382022,0.9404761904761905,0.9285430162518469,0.9043264108914316,0.8404255319148937,1472,148,1472,148,1456,146,1448,145
5,0.15,15%,"45,90,180,360",879,40,0.501002892104267,1.0,1.0,1.0,1.0,1.0,1.0,1.0,0.9835728952772074,0.9024390243902439,0.8809523809523809,0.925,0.9138143176733782,0.8934762399518784,0.8222222222222222,0.9837310195227765,0.9132947976878613,0.8876404494382022,0.9404761904761905,0.9285430162518469,0.9043264108914316,0.8404255319148937,1472,221,1472,221,1456,219,1448,218
5,0.2,20%,"45,90,180,360",1172,36,0.5035036030690242,1.0,1.0,1.0,1.0,1.0,1.0,1.0,0.9845995893223819,0.9101796407185628,0.8735632183908046,0.95,0.9376957494407159,0.9017735884575563,0.8351648351648352,0.9837310195227765,0.9132947976878613,0.8876404494382022,0.9404761904761905,0.9285430162518469,0.9043264108914316,0.8404255319148937,1472,295,1472,295,1456,292,1448,290
5,0.25,25%,"45,90,180,360",1462,42,0.5053715412298947,1.0,1.0,1.0,1.0,1.0,1.0,1.0,0.9856262833675564,0.9146341463414634,0.8928571428571429,0.9375,0.9274328859060401,0.9067917099578936,0.8426966292134831,0.9837310195227765,0.9122807017543859,0.896551724137931,0.9285714285714286,0.9178315717695193,0.9033178138500901,0.8387096774193549,1472,368,1472,368,1456,364,1448,362
15,0.05,5%,"45,90,180,360",294,30,0.5065827427358651,1.0,1.0,1.0,1.0,1.0,1.0,1.0,0.9753593429158111,0.84,0.9,0.7875,0.7796700223713646,0.826716085989622,0.7241379310344828,0.9793926247288504,0.8834355828220859,0.9113924050632911,0.8571428571428571,0.8487896351858164,0.8721444523917264,0.7912087912087912,1472,74,1472,74,1456,73,1448,73
15,0.1,10%,"45,90,180,360",587,38,0.5062125066186745,1.0,1.0,1.0,1.0,1.0,1.0,1.0,0.9743326488706365,0.8322147651006712,0.8985507246376812,0.775,0.7671700223713647,0.8184001312590427,0.7126436781609196,0.982646420824295,0.9036144578313253,0.9146341463414634,0.8928571428571429,0.8845039209001024,0.8940808179442259,0.8241758241758241,1472,148,1472,148,1456,146,1448,145
15,0.15,15%,"45,90,180,360",879,40,0.5046289827199156,1.0,1.0,1.0,1.0,1.0,1.0,1.0,0.9743326488706365,0.8344370860927153,0.8873239436619719,0.7875,0.7785514541387024,0.8205785696390939,0.7159090909090909,0.9804772234273319,0.891566265060241,0.9024390243902439,0.8809523809523809,0.871405841572906,0.8808409201872541,0.8043478260869565,1472,221,1472,221,1456,219,1448,218
15,0.2,20%,"45,90,180,360",1172,43,0.5062437116202756,1.0,1.0,1.0,1.0,1.0,1.0,1.0,0.9753593429158111,0.8421052631578947,0.8888888888888888,0.8,0.7910514541387026,0.8287823743114966,0.7272727272727273,0.982646420824295,0.9036144578313253,0.9146341463414634,0.8928571428571429,0.8845039209001024,0.8940808179442259,0.8241758241758241,1472,295,1472,295,1456,292,1448,290
15,0.25,25%,"45,90,180,360",1462,43,0.5039597241322396,1.0,1.0,1.0,1.0,1.0,1.0,1.0,0.9763860369609856,0.8496732026143791,0.8904109589041096,0.8125,0.8035514541387023,0.8368889341934732,0.7386363636363636,0.9815618221258134,0.896969696969697,0.9135802469135802,0.8809523809523809,0.8725991589953404,0.8868482984652257,0.8131868131868132,1472,368,1472,368,1456,364,1448,362
30,0.05,5%,"45,90,180,360",294,36,0.5024538991124541,1.0,1.0,1.0,1.0,1.0,1.0,1.0,0.9681724845995893,0.7862068965517242,0.8769230769230769,0.7125,0.7035514541387025,0.7692119544446993,0.6477272727272727,0.9718004338394793,0.8395061728395061,0.8717948717948718,0.8095238095238095,0.7975906352994659,0.8240716277704389,0.723404255319149,1472,74,1472,74,1456,73,1448,73
30,0.1,10%,"45,90,180,360",587,51,0.502677399553157,1.0,1.0,1.0,1.0,1.0,1.0,1.0,0.9681724845995893,0.7862068965517242,0.8769230769230769,0.7125,0.7035514541387025,0.7692119544446993,0.6477272727272727,0.9739696312364425,0.8536585365853658,0.875,0.8333333333333334,0.8214001591089897,0.8393821497009465,0.7446808510638298,1472,148,1472,148,1456,146,1448,145
30,0.15,15%,"45,90,180,360",879,56,0.5010879573649427,1.0,1.0,1.0,1.0,1.0,1.0,1.0,0.9691991786447639,0.7945205479452054,0.8787878787878788,0.725,0.7160514541387024,0.7780377381422625,0.6590909090909091,0.9761388286334056,0.8641975308641975,0.8974358974358975,0.8333333333333334,0.8237867939538583,0.8511375311903714,0.7608695652173914,1472,221,1472,221,1456,219,1448,218
30,0.2,20%,"45,90,180,360",1172,55,0.5008111637928413,1.0,1.0,1.0,1.0,1.0,1.0,1.0,0.9681724845995893,0.7862068965517242,0.8769230769230769,0.7125,0.7035514541387025,0.7692119544446993,0.6477272727272727,0.9739696312364425,0.8518518518518519,0.8846153846153846,0.8214285714285714,0.8106887146266621,0.8376045794804051,0.7419354838709677,1472,295,1472,295,1456,292,1448,290
30,0.25,25%,"45,90,180,360",1462,57,0.5023017704553364,1.0,1.0,1.0,1.0,1.0,1.0,1.0,0.971252566735113,0.8108108108108109,0.8823529411764706,0.75,0.7410514541387023,0.7953658682994177,0.6818181818181818,0.9750542299349241,0.8588957055214724,0.8860759493670886,0.8333333333333334,0.822593476531424,0.8452274950005109,0.7526881720430108,1472,368,1472,368,1456,364,1448,362
60,0.05,5%,"45,90,180,360",294,48,0.5018652294377226,1.0,1.0,1.0,1.0,1.0,1.0,1.0,0.9537987679671458,0.697986577181208,0.7536231884057971,0.65,0.6309843400447428,0.6731202362662768,0.5360824742268041,0.9522776572668112,0.7283950617283951,0.7564102564102564,0.7023809523809523,0.6797079213546993,0.7022750623807427,0.5728155339805825,1472,74,1472,74,1456,73,1448,73
60,0.1,10%,"45,90,180,360",587,74,0.5013361291097628,1.0,1.0,1.0,1.0,1.0,1.0,1.0,0.9517453798767967,0.6758620689655173,0.7538461538461538,0.6125,0.5946029082774049,0.6500955438355117,0.5104166666666666,0.9533622559652929,0.7261146496815286,0.7808219178082192,0.6785714285714286,0.6594783498124788,0.7007623216846555,0.57,1472,148,1472,148,1456,146,1448,145
60,0.15,15%,"45,90,180,360",879,80,0.5024225049699647,1.0,1.0,1.0,1.0,1.0,1.0,1.0,0.9527720739219713,0.684931506849315,0.7575757575757576,0.625,0.6071029082774049,0.6596578651514691,0.5208333333333334,0.9566160520607375,0.75,0.7894736842105263,0.7142857142857143,0.6951926355267646,0.7263120398955117,0.6,1472,221,1472,221,1456,219,1448,218
60,0.2,20%,"45,90,180,360",1172,95,0.5001832565501332,1.0,1.0,1.0,1.0,1.0,1.0,1.0,0.9507186858316222,0.6712328767123288,0.7424242424242424,0.6125,0.5934843400447427,0.64486038102762,0.5051546391752577,0.9544468546637744,0.7407407407407407,0.7692307692307693,0.7142857142857143,0.6928060006818957,0.7158080140907089,0.5882352941176471,1472,295,1472,295,1456,292,1448,290
60,0.25,25%,"45,90,180,360",1462,98,0.5015315586937734,1.0,1.0,1.0,1.0,1.0,1.0,1.0,0.9517453798767967,0.6758620689655173,0.7538461538461538,0.6125,0.5946029082774049,0.6500955438355117,0.5104166666666666,0.9544468546637744,0.7407407407407407,0.7692307692307693,0.7142857142857143,0.6928060006818957,0.7158080140907089,0.5882352941176471,1472,368,1472,368,1456,364,1448,362
120,0.05,5%,"45,90,180,360",294,63,0.5003573280042292,1.0,1.0,1.0,1.0,1.0,1.0,1.0,0.9353182751540041,0.5039370078740157,0.6808510638297872,0.4,0.3832214765100672,0.4718277126478335,0.3368421052631579,0.9327548806941431,0.5571428571428572,0.6964285714285714,0.4642857142857143,0.44399931810433,0.5223276957015843,0.38613861386138615,1472,74,1472,74,1456,73,1448,73
120,0.1,10%,"45,90,180,360",587,107,0.5020083856294701,1.0,1.0,1.0,1.0,1.0,1.0,1.0,0.9353182751540041,0.5039370078740157,0.6808510638297872,0.4,0.3832214765100672,0.4718277126478335,0.3368421052631579,0.9316702819956616,0.5531914893617021,0.6842105263157895,0.4642857142857143,0.4428060006818957,0.5176622988391211,0.38235294117647056,1472,148,1472,148,1456,146,1448,145
120,0.15,15%,"45,90,180,360",879,139,0.500084844808768,1.0,1.0,1.0,1.0,1.0,1.0,1.0,0.9383983572895277,0.5384615384615384,0.7,0.4375,0.4207214765100671,0.5073343449671219,0.3684210526315789,0.9338394793926247,0.5734265734265734,0.6949152542372882,0.4880952380952381,0.4666155244914194,0.5387504715665852,0.4019607843137255,1472,221,1472,221,1456,219,1448,218
120,0.2,20%,"45,90,180,360",1172,159,0.5004783685529285,1.0,1.0,1.0,1.0,1.0,1.0,1.0,0.9383983572895277,0.5384615384615384,0.7,0.4375,0.4207214765100671,0.5073343449671219,0.3684210526315789,0.9327548806941431,0.5633802816901409,0.6896551724137931,0.47619047619047616,0.45471076258665755,0.5282719920779007,0.39215686274509803,1472,295,1472,295,1456,292,1448,290
120,0.25,25%,"45,90,180,360",1462,174,0.5010622618653304,1.0,1.0,1.0,1.0,1.0,1.0,1.0,0.9383983572895277,0.53125,0.7083333333333334,0.425,0.40934004474272934,0.5004786652078774,0.3617021276595745,0.9327548806941431,0.5633802816901409,0.6896551724137931,0.47619047619047616,0.45471076258665755,0.5282719920779007,0.39215686274509803,1472,368,1472,368,1456,364,1448,362
