window_size,forecast_lag_min,input_start,input_end,max_available_coeffs,n_slices,channels,feature_block_size,model_name,baseline_total_features,baseline_cumimp95_features,baseline_cumimp95_fraction,baseline_cumimp95_reached,cumulative_importance_threshold,candidate_target_fraction,selected_feature_count,selected_feature_fraction,selected_equivalent_k,train_accuracy,train_f1,train_precision,train_recall,train_tss,train_hss,train_css,val_accuracy,val_f1,val_precision,val_recall,val_tss,val_hss,val_css,test_accuracy,test_f1,test_precision,test_recall,test_tss,test_hss,test_css
360,5,355,715,181,1,4,8,RandomForestClassifier,1448,493,0.3404696132596685,0.9500074192262921,0.95,0.24047,349,0.24102209944751382,44,1.0,1.0,1.0,1.0,1.0,1.0,1.0,0.9815195071868583,0.8846153846153846,0.9078947368421053,0.8625,0.8546700223713648,0.8745779202197677,0.7931034482758621,0.9848156182212582,0.9166666666666666,0.9166666666666666,0.9166666666666666,0.9083134447096262,0.908313444709626,0.8461538461538461
360,5,355,715,181,1,4,8,RandomForestClassifier,1448,493,0.3404696132596685,0.9500074192262921,0.95,0.29047,421,0.2907458563535912,53,1.0,1.0,1.0,1.0,1.0,1.0,1.0,0.9804928131416838,0.8789808917197452,0.8961038961038961,0.8625,0.8535514541387026,0.8683765060669426,0.7840909090909091,0.9848156182212582,0.9166666666666666,0.9166666666666666,0.9166666666666666,0.9083134447096262,0.908313444709626,0.8461538461538461
360,5,355,715,181,1,4,8,RandomForestClassifier,1448,493,0.3404696132596685,0.9500074192262921,0.95,0.34047,494,0.3411602209944751,62,1.0,1.0,1.0,1.0,1.0,1.0,1.0,0.9804928131416838,0.8789808917197452,0.8961038961038961,0.8625,0.8535514541387026,0.8683765060669426,0.7840909090909091,0.9848156182212582,0.9166666666666666,0.9166666666666666,0.9166666666666666,0.9083134447096262,0.908313444709626,0.8461538461538461
360,5,355,715,181,1,4,8,RandomForestClassifier,1448,493,0.3404696132596685,0.9500074192262921,0.95,0.39047,566,0.39088397790055246,71,1.0,1.0,1.0,1.0,1.0,1.0,1.0,0.9804928131416838,0.8805031446540881,0.8860759493670886,0.875,0.8649328859060401,0.8698831437289947,0.7865168539325843,0.9848156182212582,0.9166666666666666,0.9166666666666666,0.9166666666666666,0.9083134447096262,0.908313444709626,0.8461538461538461
360,5,355,715,181,1,4,8,RandomForestClassifier,1448,493,0.3404696132596685,0.9500074192262921,0.95,0.44047,638,0.44060773480662985,80,1.0,1.0,1.0,1.0,1.0,1.0,1.0,0.9804928131416838,0.8789808917197452,0.8961038961038961,0.8625,0.8535514541387026,0.8683765060669426,0.7840909090909091,0.9848156182212582,0.9166666666666666,0.9166666666666666,0.9166666666666666,0.9083134447096262,0.908313444709626,0.8461538461538461
360,15,345,705,181,1,4,8,RandomForestClassifier,1448,743,0.513121546961326,0.9500060286422195,0.95,0.413122,599,0.4136740331491713,75,1.0,1.0,1.0,1.0,1.0,1.0,1.0,0.973305954825462,0.8243243243243243,0.8970588235294118,0.7625,0.7546700223713647,0.8099825919923165,0.7011494252873564,0.9793926247288504,0.8819875776397516,0.922077922077922,0.8452380952380952,0.8380781907034889,0.8707215916638378,0.7888888888888889
360,15,345,705,181,1,4,8,RandomForestClassifier,1448,743,0.513121546961326,0.9500060286422195,0.95,0.463122,671,0.4633977900552486,84,1.0,1.0,1.0,1.0,1.0,1.0,1.0,0.9722792607802875,0.8187919463087249,0.8840579710144928,0.7625,0.7535514541387025,0.8038721417597661,0.6931818181818182,0.9793926247288504,0.8819875776397516,0.922077922077922,0.8452380952380952,0.8380781907034889,0.8707215916638378,0.7888888888888889
360,15,345,705,181,1,4,8,RandomForestClassifier,1448,743,0.513121546961326,0.9500060286422195,0.95,0.513122,744,0.5138121546961326,93,1.0,1.0,1.0,1.0,1.0,1.0,1.0,0.973305954825462,0.8243243243243243,0.8970588235294118,0.7625,0.7546700223713647,0.8099825919923165,0.7011494252873564,0.9793926247288504,0.8819875776397516,0.922077922077922,0.8452380952380952,0.8380781907034889,0.8707215916638378,0.7888888888888889
360,15,345,705,181,1,4,8,RandomForestClassifier,1448,743,0.513121546961326,0.9500060286422195,0.95,0.563122,816,0.56353591160221,102,1.0,1.0,1.0,1.0,1.0,1.0,1.0,0.9722792607802875,0.8187919463087249,0.8840579710144928,0.7625,0.7535514541387025,0.8038721417597661,0.6931818181818182,0.9793926247288504,0.8819875776397516,0.922077922077922,0.8452380952380952,0.8380781907034889,0.8707215916638378,0.7888888888888889
360,15,345,705,181,1,4,8,RandomForestClassifier,1448,743,0.513121546961326,0.9500060286422195,0.95,0.613122,888,0.6132596685082873,111,1.0,1.0,1.0,1.0,1.0,1.0,1.0,0.9722792607802875,0.8187919463087249,0.8840579710144928,0.7625,0.7535514541387025,0.8038721417597661,0.6931818181818182,0.9804772234273319,0.8888888888888888,0.9230769230769231,0.8571428571428571,0.8499829526082507,0.8782034346103038,0.8
360,30,330,690,181,1,4,8,RandomForestClassifier,1448,841,0.5808011049723757,0.9501119475501564,0.95,0.480801,697,0.481353591160221,88,1.0,1.0,1.0,1.0,1.0,1.0,1.0,0.9650924024640657,0.7638888888888888,0.859375,0.6875,0.6774328859060401,0.7452928870292888,0.6179775280898876,0.9739696312364425,0.8518518518518519,0.8846153846153846,0.8214285714285714,0.8106887146266621,0.8376045794804051,0.7419354838709677
360,30,330,690,181,1,4,8,RandomForestClassifier,1448,841,0.5808011049723757,0.9501119475501564,0.95,0.530801,769,0.5310773480662984,97,1.0,1.0,1.0,1.0,1.0,1.0,1.0,0.9661190965092402,0.7692307692307693,0.873015873015873,0.6875,0.6785514541387023,0.7512267611956471,0.625,0.9750542299349241,0.8571428571428571,0.8961038961038961,0.8214285714285714,0.8118820320490965,0.8435050846456984,0.75
360,30,330,690,181,1,4,8,RandomForestClassifier,1448,841,0.5808011049723757,0.9501119475501564,0.95,0.580801,841,0.5808011049723757,106,1.0,1.0,1.0,1.0,1.0,1.0,1.0,0.9661190965092402,0.7692307692307693,0.873015873015873,0.6875,0.6785514541387023,0.7512267611956471,0.625,0.9761388286334056,0.8658536585365854,0.8875,0.8452380952380952,0.8344982384361859,0.8527669705592009,0.7634408602150538
360,30,330,690,181,1,4,8,RandomForestClassifier,1448,841,0.5808011049723757,0.9501119475501564,0.95,0.630801,914,0.6312154696132597,115,1.0,1.0,1.0,1.0,1.0,1.0,1.0,0.9661190965092402,0.7692307692307693,0.873015873015873,0.6875,0.6785514541387023,0.7512267611956471,0.625,0.9739696312364425,0.8518518518518519,0.8846153846153846,0.8214285714285714,0.8106887146266621,0.8376045794804051,0.7419354838709677
360,30,330,690,181,1,4,8,RandomForestClassifier,1448,841,0.5808011049723757,0.9501119475501564,0.95,0.680801,986,0.680939226519337,124,1.0,1.0,1.0,1.0,1.0,1.0,1.0,0.9661190965092402,0.7692307692307693,0.873015873015873,0.6875,0.6785514541387023,0.7512267611956471,0.625,0.9739696312364425,0.8518518518518519,0.8846153846153846,0.8214285714285714,0.8106887146266621,0.8376045794804051,0.7419354838709677
360,60,300,660,181,1,4,8,RandomForestClassifier,1448,957,0.6609116022099447,0.9500520574101623,0.95,0.560912,813,0.56146408839779,102,1.0,1.0,1.0,1.0,1.0,1.0,1.0,0.9496919917864476,0.6474820143884892,0.7627118644067796,0.5625,0.5468400447427293,0.6210598192876312,0.4787234042553192,0.9544468546637744,0.7272727272727273,0.8,0.6666666666666666,0.6499602227525854,0.7026445925607396,0.5714285714285714
360,60,300,660,181,1,4,8,RandomForestClassifier,1448,957,0.6609116022099447,0.9500520574101623,0.95,0.610912,885,0.6111878453038674,111,1.0,1.0,1.0,1.0,1.0,1.0,1.0,0.9496919917864476,0.6474820143884892,0.7627118644067796,0.5625,0.5468400447427293,0.6210598192876312,0.4787234042553192,0.9533622559652929,0.7189542483660131,0.7971014492753623,0.6547619047619048,0.6380554608478235,0.6937918037598282,0.5612244897959183
360,60,300,660,181,1,4,8,RandomForestClassifier,1448,957,0.6609116022099447,0.9500520574101623,0.95,0.660912,958,0.6616022099447514,120,1.0,1.0,1.0,1.0,1.0,1.0,1.0,0.9496919917864476,0.6474820143884892,0.7627118644067796,0.5625,0.5468400447427293,0.6210598192876312,0.4787234042553192,0.9511930585683297,0.7019867549668874,0.7910447761194029,0.6309523809523809,0.6142459370382998,0.6757732522701343,0.5408163265306123
360,60,300,660,181,1,4,8,RandomForestClassifier,1448,957,0.6609116022099447,0.9500520574101623,0.95,0.710912,1030,0.7113259668508287,129,1.0,1.0,1.0,1.0,1.0,1.0,1.0,0.9496919917864476,0.6474820143884892,0.7627118644067796,0.5625,0.5468400447427293,0.6210598192876312,0.4787234042553192,0.9544468546637744,0.7236842105263158,0.8088235294117647,0.6547619047619048,0.6392487782702578,0.699160969546302,0.5670103092783505
360,60,300,660,181,1,4,8,RandomForestClassifier,1448,957,0.6609116022099447,0.9500520574101623,0.95,0.760912,1102,0.761049723756906,138,1.0,1.0,1.0,1.0,1.0,1.0,1.0,0.9496919917864476,0.6524822695035462,0.7540983606557377,0.575,0.558221476510067,0.6258955586561525,0.4842105263157895,0.9533622559652929,0.7225806451612903,0.7887323943661971,0.6666666666666666,0.648766905330151,0.6973171886213373,0.5656565656565656
360,120,240,600,181,1,4,8,RandomForestClassifier,1448,1027,0.7092541436464088,0.9502185388211352,0.95,0.609254,883,0.6098066298342542,111,1.0,1.0,1.0,1.0,1.0,1.0,1.0,0.9373716632443532,0.47863247863247865,0.7567567567567568,0.35,0.3399328859060402,0.45006386641737167,0.3146067415730337,0.93058568329718,0.5492957746478874,0.6724137931034483,0.4642857142857143,0.44161268325946135,0.5130549595642845,0.3786407766990291
360,120,240,600,181,1,4,8,RandomForestClassifier,1448,1027,0.7092541436464088,0.9502185388211352,0.95,0.659254,955,0.6595303867403315,120,1.0,1.0,1.0,1.0,1.0,1.0,1.0,0.9342915811088296,0.4576271186440678,0.7105263157894737,0.3375,0.32519574944071605,0.42733252489618934,0.2967032967032967,0.9316702819956616,0.5531914893617021,0.6842105263157895,0.4642857142857143,0.4428060006818957,0.5176622988391211,0.38235294117647056
360,120,240,600,181,1,4,8,RandomForestClassifier,1448,1027,0.7092541436464088,0.9502185388211352,0.95,0.709254,1027,0.7092541436464088,129,1.0,1.0,1.0,1.0,1.0,1.0,1.0,0.9363449691991786,0.48333333333333334,0.725,0.3625,0.35019574944071596,0.4534033309196235,0.31868131868131866,0.9338394793926247,0.5673758865248227,0.7017543859649122,0.47619047619047616,0.4559040800090919,0.5329746068124823,0.39603960396039606
360,120,240,600,181,1,4,8,RandomForestClassifier,1448,1027,0.7092541436464088,0.9502185388211352,0.95,0.759254,1100,0.7596685082872928,138,1.0,1.0,1.0,1.0,1.0,1.0,1.0,0.9373716632443532,0.48739495798319327,0.7435897435897436,0.3625,0.3513143176733782,0.4582277095909398,0.32222222222222224,0.9295010845986985,0.5390070921985816,0.6666666666666666,0.4523809523809524,0.4297079213546995,0.5023499908657599,0.36893203883495146
360,120,240,600,181,1,4,8,RandomForestClassifier,1448,1027,0.7092541436464088,0.9502185388211352,0.95,0.809254,1172,0.8093922651933702,147,1.0,1.0,1.0,1.0,1.0,1.0,1.0,0.9373716632443532,0.49586776859504134,0.7317073170731707,0.375,0.3626957494407159,0.4661527126350028,0.32967032967032966,0.9316702819956616,0.5531914893617021,0.6842105263157895,0.4642857142857143,0.4428060006818957,0.5176622988391211,0.38235294117647056
180,5,355,715,91,2,4,16,RandomForestClassifier,1456,368,0.25274725274725274,0.9500785578278259,0.95,0.152747,223,0.15315934065934067,14,1.0,1.0,1.0,1.0,1.0,1.0,1.0,0.9856262833675564,0.9146341463414634,0.8928571428571429,0.9375,0.9274328859060401,0.9067917099578936,0.8426966292134831,0.9815618221258134,0.9017341040462428,0.8764044943820225,0.9285714285714286,0.9154449369246507,0.8915699323436225,0.8210526315789474
180,5,355,715,91,2,4,16,RandomForestClassifier,1456,368,0.25274725274725274,0.9500785578278259,0.95,0.202747,296,0.2032967032967033,19,1.0,1.0,1.0,1.0,1.0,1.0,1.0,0.9845995893223819,0.9090909090909091,0.8823529411764706,0.9375,0.9263143176733781,0.9006865610767453,0.8333333333333334,0.982646420824295,0.9080459770114943,0.8777777777777778,0.9404761904761905,0.9273496988294125,0.8984777162991714,0.8315789473684211
180,5,355,715,91,2,4,16,RandomForestClassifier,1456,368,0.25274725274725274,0.9500785578278259,0.95,0.252747,368,0.25274725274725274,23,1.0,1.0,1.0,1.0,1.0,1.0,1.0,0.9845995893223819,0.9090909090909091,0.8823529411764706,0.9375,0.9263143176733781,0.9006865610767453,0.8333333333333334,0.9815618221258134,0.9017341040462428,0.8764044943820225,0.9285714285714286,0.9154449369246507,0.8915699323436225,0.8210526315789474
180,5,355,715,91,2,4,16,RandomForestClassifier,1456,368,0.25274725274725274,0.9500785578278259,0.95,0.302747,441,0.30288461538461536,28,1.0,1.0,1.0,1.0,1.0,1.0,1.0,0.9825462012320328,0.8957055214723927,0.8795180722891566,0.9125,0.901314317673378,0.8861852325373586,0.8111111111111111,0.9815618221258134,0.9017341040462428,0.8764044943820225,0.9285714285714286,0.9154449369246507,0.8915699323436225,0.8210526315789474
180,5,355,715,91,2,4,16,RandomForestClassifier,1456,368,0.25274725274725274,0.9500785578278259,0.95,0.352747,514,0.35302197802197804,33,1.0,1.0,1.0,1.0,1.0,1.0,1.0,0.9856262833675564,0.9146341463414634,0.8928571428571429,0.9375,0.9274328859060401,0.9067917099578936,0.8426966292134831,0.9815618221258134,0.9017341040462428,0.8764044943820225,0.9285714285714286,0.9154449369246507,0.8915699323436225,0.8210526315789474
180,15,345,705,91,2,4,16,RandomForestClassifier,1456,560,0.38461538461538464,0.9500525641470493,0.95,0.284615,415,0.2850274725274725,26,1.0,1.0,1.0,1.0,1.0,1.0,1.0,0.9743326488706365,0.8366013071895425,0.8767123287671232,0.8,0.7899328859060404,0.8227053632537753,0.7191011235955056,0.9783080260303688,0.8780487804878049,0.9,0.8571428571428571,0.8475963177633821,0.8661517914174555,0.782608695652174
180,15,345,705,91,2,4,16,RandomForestClassifier,1456,560,0.38461538461538464,0.9500525641470493,0.95,0.334615,488,0.33516483516483514,31,1.0,1.0,1.0,1.0,1.0,1.0,1.0,0.973305954825462,0.8311688311688312,0.8648648648648649,0.8,0.7888143176733782,0.8166999623613885,0.7111111111111111,0.9793926247288504,0.8834355828220859,0.9113924050632911,0.8571428571428571,0.8487896351858164,0.8721444523917264,0.7912087912087912
180,15,345,705,91,2,4,16,RandomForestClassifier,1456,560,0.38461538461538464,0.9500525641470493,0.95,0.384615,560,0.38461538461538464,35,1.0,1.0,1.0,1.0,1.0,1.0,1.0,0.9743326488706365,0.8366013071895425,0.8767123287671232,0.8,0.7899328859060404,0.8227053632537753,0.7191011235955056,0.9793926247288504,0.8848484848484849,0.9012345679012346,0.8690476190476191,0.8595010796681442,0.8735363335787817,0.7934782608695652
180,15,345,705,91,2,4,16,RandomForestClassifier,1456,560,0.38461538461538464,0.9500525641470493,0.95,0.434615,633,0.43475274725274726,40,1.0,1.0,1.0,1.0,1.0,1.0,1.0,0.973305954825462,0.8311688311688312,0.8648648648648649,0.8,0.7888143176733782,0.8166999623613885,0.7111111111111111,0.9783080260303688,0.8765432098765432,0.9102564102564102,0.8452380952380952,0.8368848732810545,0.8646704829003375,0.7802197802197802
180,15,345,705,91,2,4,16,RandomForestClassifier,1456,560,0.38461538461538464,0.9500525641470493,0.95,0.484615,706,0.4848901098901099,45,1.0,1.0,1.0,1.0,1.0,1.0,1.0,0.9722792607802875,0.8258064516129032,0.8533333333333334,0.8,0.787695749440716,0.8107649132906383,0.7032967032967034,0.9772234273318872,0.8727272727272727,0.8888888888888888,0.8571428571428571,0.8464030003409477,0.8602243686923376,0.7741935483870968
180,30,330,690,91,2,4,16,RandomForestClassifier,1456,795,0.5460164835164835,0.9501439716797071,0.95,0.446016,650,0.44642857142857145,41,1.0,1.0,1.0,1.0,1.0,1.0,1.0,0.9681724845995893,0.7862068965517242,0.8769230769230769,0.7125,0.7035514541387025,0.7692119544446993,0.6477272727272727,0.96529284164859,0.8072289156626506,0.8170731707317073,0.7976190476190477,0.7797192862825322,0.7881616358884517,0.6767676767676768
180,30,330,690,91,2,4,16,RandomForestClassifier,1456,795,0.5460164835164835,0.9501439716797071,0.95,0.496016,723,0.4965659340659341,46,1.0,1.0,1.0,1.0,1.0,1.0,1.0,0.9681724845995893,0.7862068965517242,0.8769230769230769,0.7125,0.7035514541387025,0.7692119544446993,0.6477272727272727,0.9663774403470716,0.8121212121212121,0.8271604938271605,0.7976190476190477,0.7809126037049665,0.7936645442601176,0.6836734693877551
180,30,330,690,91,2,4,16,RandomForestClassifier,1456,795,0.5460164835164835,0.9501439716797071,0.95,0.546016,795,0.5460164835164835,50,1.0,1.0,1.0,1.0,1.0,1.0,1.0,0.9671457905544147,0.7777777777777778,0.875,0.7,0.6910514541387025,0.760275658380507,0.6363636363636364,0.9642082429501084,0.8023952095808383,0.8072289156626506,0.7976190476190477,0.7785259688600978,0.7827179890023567,0.67
180,30,330,690,91,2,4,16,RandomForestClassifier,1456,795,0.5460164835164835,0.9501439716797071,0.95,0.596016,868,0.5961538461538461,55,1.0,1.0,1.0,1.0,1.0,1.0,1.0,0.9650924024640657,0.7638888888888888,0.859375,0.6875,0.6774328859060401,0.7452928870292888,0.6179775280898876,0.9642082429501084,0.8023952095808383,0.8072289156626506,0.7976190476190477,0.7785259688600978,0.7827179890023567,0.67
180,30,330,690,91,2,4,16,RandomForestClassifier,1456,795,0.5460164835164835,0.9501439716797071,0.95,0.646016,941,0.6462912087912088,59,1.0,1.0,1.0,1.0,1.0,1.0,1.0,0.9671457905544147,0.7808219178082192,0.8636363636363636,0.7125,0.7024328859060402,0.7632402540184133,0.6404494382022472,0.9642082429501084,0.8,0.8148148148148148,0.7857142857142857,0.7678145243777701,0.7803525793736735,0.6666666666666666
180,60,300,660,91,2,4,16,RandomForestClassifier,1456,901,0.6188186813186813,0.9501366584097038,0.95,0.518819,756,0.5192307692307693,48,1.0,1.0,1.0,1.0,1.0,1.0,1.0,0.9527720739219713,0.6891891891891891,0.75,0.6375,0.6184843400447426,0.6638153550633291,0.5257731958762887,0.9522776572668112,0.725,0.7631578947368421,0.6904761904761905,0.6689964768723717,0.6989432438850629,0.5686274509803921
180,60,300,660,91,2,4,16,RandomForestClassifier,1456,901,0.6188186813186813,0.9501366584097038,0.95,0.568819,829,0.5693681318681318,52,1.0,1.0,1.0,1.0,1.0,1.0,1.0,0.9496919917864476,0.6754966887417219,0.7183098591549296,0.6375,0.615128635346756,0.6483339964926242,0.51,0.9544468546637744,0.7375,0.7763157894736842,0.7023809523809523,0.6820945561995679,0.7126276418902874,0.5841584158415841
180,60,300,660,91,2,4,16,RandomForestClassifier,1456,901,0.6188186813186813,0.9501366584097038,0.95,0.618819,902,0.6195054945054945,57,1.0,1.0,1.0,1.0,1.0,1.0,1.0,0.9507186858316222,0.6756756756756757,0.7352941176470589,0.625,0.6048657718120807,0.6491986313704304,0.5102040816326531,0.9544468546637744,0.7407407407407407,0.7692307692307693,0.7142857142857143,0.6928060006818957,0.7158080140907089,0.5882352941176471
180,60,300,660,91,2,4,16,RandomForestClassifier,1456,901,0.6188186813186813,0.9501366584097038,0.95,0.668819,974,0.6689560439560439,61,1.0,1.0,1.0,1.0,1.0,1.0,1.0,0.9517453798767967,0.6802721088435374,0.746268656716418,0.625,0.6059843400447429,0.6543961104652041,0.5154639175257731,0.9522776572668112,0.725,0.7631578947368421,0.6904761904761905,0.6689964768723717,0.6989432438850629,0.5686274509803921
180,60,300,660,91,2,4,16,RandomForestClassifier,1456,901,0.6188186813186813,0.9501366584097038,0.95,0.718819,1047,0.7190934065934066,66,1.0,1.0,1.0,1.0,1.0,1.0,1.0,0.9527720739219713,0.684931506849315,0.7575757575757576,0.625,0.6071029082774049,0.6596578651514691,0.5208333333333334,0.9533622559652929,0.7295597484276729,0.7733333333333333,0.6904761904761905,0.6701897942948061,0.704129912386752,0.5742574257425742
180,120,240,600,91,2,4,16,RandomForestClassifier,1456,1003,0.6888736263736264,0.9500023330251772,0.95,0.588874,858,0.5892857142857143,54,1.0,1.0,1.0,1.0,1.0,1.0,1.0,0.9363449691991786,0.5,0.7045454545454546,0.3875,0.37295861297539146,0.4690511359639868,0.3333333333333333,0.9273318872017353,0.5379310344827586,0.639344262295082,0.4642857142857143,0.4380327309921581,0.4995706485636979,0.36792452830188677
180,120,240,600,91,2,4,16,RandomForestClassifier,1456,1003,0.6888736263736264,0.9500023330251772,0.95,0.638874,931,0.6394230769230769,59,1.0,1.0,1.0,1.0,1.0,1.0,1.0,0.9342915811088296,0.4838709677419355,0.6818181818181818,0.375,0.3593400447427293,0.45192375325314765,0.3191489361702128,0.928416485900217,0.547945205479452,0.6451612903225806,0.47619047619047616,0.44993749289692,0.5100325292279945,0.37735849056603776
180,120,240,600,91,2,4,16,RandomForestClassifier,1456,1003,0.6888736263736264,0.9500023330251772,0.95,0.688874,1004,0.6895604395604396,63,1.0,1.0,1.0,1.0,1.0,1.0,1.0,0.9332648870636551,0.4881889763779528,0.6595744680851063,0.3875,0.36960290827740483,0.45506033844617744,0.3229166666666667,0.9295010845986985,0.5578231292517006,0.6507936507936508,0.4880952380952381,0.46184225480168206,0.5203681472589036,0.3867924528301887
180,120,240,600,91,2,4,16,RandomForestClassifier,1456,1003,0.6888736263736264,0.9500023330251772,0.95,0.738874,1076,0.739010989010989,68,1.0,1.0,1.0,1.0,1.0,1.0,1.0,0.9353182751540041,0.5116279069767442,0.673469387755102,0.4125,0.39460290827740474,0.4791266998285317,0.34375,0.928416485900217,0.547945205479452,0.6451612903225806,0.47619047619047616,0.44993749289692,0.5100325292279945,0.37735849056603776
180,120,240,600,91,2,4,16,RandomForestClassifier,1456,1003,0.6888736263736264,0.9500023330251772,0.95,0.788874,1149,0.7891483516483516,72,1.0,1.0,1.0,1.0,1.0,1.0,1.0,0.9373716632443532,0.5196850393700787,0.7021276595744681,0.4125,0.39684004474272916,0.4885950868494896,0.35106382978723405,0.9316702819956616,0.5655172413793104,0.6721311475409836,0.4880952380952381,0.46422888964655074,0.5294470277539249,0.3942307692307692
90,5,355,715,46,4,4,32,RandomForestClassifier,1472,467,0.3172554347826087,0.9501044462217879,0.95,0.217255,320,0.21739130434782608,10,1.0,1.0,1.0,1.0,1.0,1.0,1.0,0.9887063655030801,0.9341317365269461,0.896551724137931,0.975,0.9649328859060402,0.9279672982022079,0.8764044943820225,0.9815618221258134,0.9005847953216374,0.8850574712643678,0.9166666666666666,0.9047334924423229,0.8904268556967688,0.8191489361702128
90,5,355,715,46,4,4,32,RandomForestClassifier,1472,467,0.3172554347826087,0.9501044462217879,0.95,0.267255,394,0.26766304347826086,13,1.0,1.0,1.0,1.0,1.0,1.0,1.0,0.9887063655030801,0.9341317365269461,0.896551724137931,0.975,0.9649328859060402,0.9279672982022079,0.8764044943820225,0.9859002169197397,0.9248554913294798,0.898876404494382,0.9523809523809523,0.9416410955790431,0.9170828894392407,0.8602150537634409
90,5,355,715,46,4,4,32,RandomForestClassifier,1472,467,0.3172554347826087,0.9501044462217879,0.95,0.317255,467,0.3172554347826087,15,1.0,1.0,1.0,1.0,1.0,1.0,1.0,0.9876796714579056,0.9285714285714286,0.8863636363636364,0.975,0.963814317673378,0.9218465817909489,0.8666666666666667,0.9848156182212582,0.9186046511627907,0.8977272727272727,0.9404761904761905,0.9297363336742812,0.9102364394993046,0.8494623655913979
90,5,355,715,46,4,4,32,RandomForestClassifier,1472,467,0.3172554347826087,0.9501044462217879,0.95,0.367255,541,0.36752717391304346,17,1.0,1.0,1.0,1.0,1.0,1.0,1.0,0.9887063655030801,0.9341317365269461,0.896551724137931,0.975,0.9649328859060402,0.9279672982022079,0.8764044943820225,0.9837310195227765,0.9122807017543859,0.896551724137931,0.9285714285714286,0.9178315717695193,0.9033178138500901,0.8387096774193549
90,5,355,715,46,4,4,32,RandomForestClassifier,1472,467,0.3172554347826087,0.9501044462217879,0.95,0.417255,615,0.41779891304347827,20,1.0,1.0,1.0,1.0,1.0,1.0,1.0,0.9887063655030801,0.9341317365269461,0.896551724137931,0.975,0.9649328859060402,0.9279672982022079,0.8764044943820225,0.9837310195227765,0.9132947976878613,0.8876404494382022,0.9404761904761905,0.9285430162518469,0.9043264108914316,0.8404255319148937
90,15,345,705,46,4,4,32,RandomForestClassifier,1472,575,0.390625,0.9500876522279833,0.95,0.290625,428,0.2907608695652174,14,1.0,1.0,1.0,1.0,1.0,1.0,1.0,0.9722792607802875,0.8211920529801324,0.8732394366197183,0.775,0.7649328859060402,0.8062248552102215,0.6966292134831461,0.9772234273318872,0.8727272727272727,0.8888888888888888,0.8571428571428571,0.8464030003409477,0.8602243686923376,0.7741935483870968
90,15,345,705,46,4,4,32,RandomForestClassifier,1472,575,0.390625,0.9500876522279833,0.95,0.340625,502,0.34103260869565216,16,1.0,1.0,1.0,1.0,1.0,1.0,1.0,0.9722792607802875,0.8211920529801324,0.8732394366197183,0.775,0.7649328859060402,0.8062248552102215,0.6966292134831461,0.9772234273318872,0.874251497005988,0.8795180722891566,0.8690476190476191,0.8571144448232753,0.8617296293651361,0.776595744680851
90,15,345,705,46,4,4,32,RandomForestClassifier,1472,575,0.390625,0.9500876522279833,0.95,0.390625,575,0.390625,18,1.0,1.0,1.0,1.0,1.0,1.0,1.0,0.973305954825462,0.8266666666666667,0.8857142857142857,0.775,0.7660514541387025,0.8122757598220904,0.7045454545454546,0.9761388286334056,0.8674698795180723,0.8780487804878049,0.8571428571428571,0.8452096829185134,0.8543611246733106,0.7659574468085106
90,15,345,705,46,4,4,32,RandomForestClassifier,1472,575,0.390625,0.9500876522279833,0.95,0.440625,649,0.44089673913043476,21,1.0,1.0,1.0,1.0,1.0,1.0,1.0,0.9722792607802875,0.8211920529801324,0.8732394366197183,0.775,0.7649328859060402,0.8062248552102215,0.6966292134831461,0.9772234273318872,0.874251497005988,0.8795180722891566,0.8690476190476191,0.8571144448232753,0.8617296293651361,0.776595744680851
90,15,345,705,46,4,4,32,RandomForestClassifier,1472,575,0.390625,0.9500876522279833,0.95,0.490625,723,0.49116847826086957,23,1.0,1.0,1.0,1.0,1.0,1.0,1.0,0.973305954825462,0.8266666666666667,0.8857142857142857,0.775,0.7660514541387025,0.8122757598220904,0.7045454545454546,0.9783080260303688,0.8809523809523809,0.8809523809523809,0.8809523809523809,0.8690192067280371,0.8690192067280372,0.7872340425531915
90,30,330,690,46,4,4,32,RandomForestClassifier,1472,776,0.5271739130434783,0.9500172230030122,0.95,0.427174,629,0.4273097826086957,20,1.0,1.0,1.0,1.0,1.0,1.0,1.0,0.9681724845995893,0.7891156462585034,0.8656716417910447,0.725,0.7149328859060402,0.7720484983919431,0.651685393258427,0.9739696312364425,0.8604651162790697,0.8409090909090909,0.8809523809523809,0.8642459370382998,0.8461196105702364,0.7551020408163265
90,30,330,690,46,4,4,32,RandomForestClassifier,1472,776,0.5271739130434783,0.9500172230030122,0.95,0.477174,703,0.47758152173913043,22,1.0,1.0,1.0,1.0,1.0,1.0,1.0,0.973305954825462,0.8266666666666667,0.8857142857142857,0.775,0.7660514541387025,0.8122757598220904,0.7045454545454546,0.9739696312364425,0.8588235294117647,0.8488372093023255,0.8690476190476191,0.8535344925559722,0.8444887976836365,0.7525773195876289
90,30,330,690,46,4,4,32,RandomForestClassifier,1472,776,0.5271739130434783,0.9500172230030122,0.95,0.527174,777,0.5278532608695652,25,1.0,1.0,1.0,1.0,1.0,1.0,1.0,0.9702258726899384,0.8053691275167785,0.8695652173913043,0.75,0.7399328859060401,0.7893441522604895,0.6741573033707865,0.972885032537961,0.8538011695906432,0.8390804597701149,0.8690476190476191,0.8523411751335379,0.8388630230834836,0.7448979591836735
90,30,330,690,46,4,4,32,RandomForestClassifier,1472,776,0.5271739130434783,0.9500172230030122,0.95,0.577174,850,0.5774456521739131,27,1.0,1.0,1.0,1.0,1.0,1.0,1.0,0.9743326488706365,0.8344370860927153,0.8873239436619719,0.7875,0.7785514541387024,0.8205785696390939,0.7159090909090909,0.972885032537961,0.8538011695906432,0.8390804597701149,0.8690476190476191,0.8523411751335379,0.8388630230834836,0.7448979591836735
90,30,330,690,46,4,4,32,RandomForestClassifier,1472,776,0.5271739130434783,0.9500172230030122,0.95,0.627174,924,0.6277173913043478,29,1.0,1.0,1.0,1.0,1.0,1.0,1.0,0.9681724845995893,0.7891156462585034,0.8656716417910447,0.725,0.7149328859060402,0.7720484983919431,0.651685393258427,0.972885032537961,0.8538011695906432,0.8390804597701149,0.8690476190476191,0.8523411751335379,0.8388630230834836,0.7448979591836735
90,60,300,660,46,4,4,32,RandomForestClassifier,1472,891,0.6052989130434783,0.9500984612552844,0.95,0.505299,744,0.5054347826086957,24,1.0,1.0,1.0,1.0,1.0,1.0,1.0,0.9496919917864476,0.6711409395973155,0.7246376811594203,0.625,0.6037472035794185,0.6440642572677236,0.5050505050505051,0.9544468546637744,0.7307692307692307,0.7916666666666666,0.6785714285714286,0.6606716672349131,0.7060484605574786,0.5757575757575758
90,60,300,660,46,4,4,32,RandomForestClassifier,1472,891,0.6052989130434783,0.9500984612552844,0.95,0.555299,818,0.5557065217391305,26,1.0,1.0,1.0,1.0,1.0,1.0,1.0,0.9517453798767967,0.6758620689655173,0.7538461538461538,0.6125,0.5946029082774049,0.6500955438355117,0.5104166666666666,0.955531453362256,0.7354838709677419,0.8028169014084507,0.6785714285714286,0.6618649846573474,0.7113954589180193,0.5816326530612245
90,60,300,660,46,4,4,32,RandomForestClassifier,1472,891,0.6052989130434783,0.9500984612552844,0.95,0.605299,892,0.6059782608695652,28,1.0,1.0,1.0,1.0,1.0,1.0,1.0,0.9496919917864476,0.6666666666666666,0.7313432835820896,0.6125,0.5923657718120805,0.6396895619743617,0.5,0.955531453362256,0.7388535031847133,0.7945205479452054,0.6904761904761905,0.672576429139675,0.7146803532342063,0.5858585858585859
90,60,300,660,46,4,4,32,RandomForestClassifier,1472,891,0.6052989130434783,0.9500984612552844,0.95,0.655299,965,0.6555706521739131,31,1.0,1.0,1.0,1.0,1.0,1.0,1.0,0.9507186858316222,0.6712328767123288,0.7424242424242424,0.6125,0.5934843400447427,0.64486038102762,0.5051546391752577,0.955531453362256,0.7354838709677419,0.8028169014084507,0.6785714285714286,0.6618649846573474,0.7113954589180193,0.5816326530612245
90,60,300,660,46,4,4,32,RandomForestClassifier,1472,891,0.6052989130434783,0.9500984612552844,0.95,0.705299,1039,0.7058423913043478,33,1.0,1.0,1.0,1.0,1.0,1.0,1.0,0.9507186858316222,0.6712328767123288,0.7424242424242424,0.6125,0.5934843400447427,0.64486038102762,0.5051546391752577,0.9522776572668112,0.717948717948718,0.7777777777777778,0.6666666666666666,0.6475735879077167,0.6920507682030728,0.56
90,120,240,600,46,4,4,32,RandomForestClassifier,1472,953,0.6474184782608695,0.9500857337380249,0.95,0.547418,806,0.5475543478260869,26,1.0,1.0,1.0,1.0,1.0,1.0,1.0,0.9383983572895277,0.5454545454545454,0.6923076923076923,0.45,0.43210290827740483,0.5140043909254208,0.375,0.9327548806941431,0.5633802816901409,0.6896551724137931,0.47619047619047616,0.45471076258665755,0.5282719920779007,0.39215686274509803
90,120,240,600,46,4,4,32,RandomForestClassifier,1472,953,0.6474184782608695,0.9500857337380249,0.95,0.597418,880,0.5978260869565217,28,1.0,1.0,1.0,1.0,1.0,1.0,1.0,0.9383983572895277,0.5454545454545454,0.6923076923076923,0.45,0.43210290827740483,0.5140043909254208,0.375,0.9327548806941431,0.5633802816901409,0.6896551724137931,0.47619047619047616,0.45471076258665755,0.5282719920779007,0.39215686274509803
90,120,240,600,46,4,4,32,RandomForestClassifier,1472,953,0.6474184782608695,0.9500857337380249,0.95,0.647418,953,0.6474184782608695,30,1.0,1.0,1.0,1.0,1.0,1.0,1.0,0.9353182751540041,0.5116279069767442,0.673469387755102,0.4125,0.39460290827740474,0.4791266998285317,0.34375,0.9316702819956616,0.5467625899280576,0.6909090909090909,0.4523809523809524,0.43209455619956816,0.5115457710355035,0.37623762376237624
90,120,240,600,46,4,4,32,RandomForestClassifier,1472,953,0.6474184782608695,0.9500857337380249,0.95,0.697418,1027,0.6976902173913043,33,1.0,1.0,1.0,1.0,1.0,1.0,1.0,0.9342915811088296,0.5,0.6666666666666666,0.4,0.382102908277405,0.4671772428884026,0.3333333333333333,0.9295010845986985,0.5323741007194245,0.6727272727272727,0.44047619047619047,0.41899647687237174,0.4960392875763131,0.3627450980392157
90,120,240,600,46,4,4,32,RandomForestClassifier,1472,953,0.6474184782608695,0.9500857337380249,0.95,0.747418,1101,0.7479619565217391,35,1.0,1.0,1.0,1.0,1.0,1.0,1.0,0.9353182751540041,0.5190839694656488,0.6666666666666666,0.425,0.4059843400447427,0.48622670261399603,0.35051546391752575,0.9338394793926247,0.5673758865248227,0.7017543859649122,0.47619047619047616,0.4559040800090919,0.5329746068124823,0.39603960396039606
45,5,355,715,23,8,4,64,RandomForestClassifier,1472,526,0.35733695652173914,0.9500697936801744,0.95,0.257337,379,0.25747282608695654,6,1.0,1.0,1.0,1.0,1.0,1.0,1.0,0.9815195071868583,0.891566265060241,0.8604651162790697,0.925,0.9115771812080538,0.8814796787539547,0.8043478260869565,0.9793926247288504,0.8888888888888888,0.8735632183908046,0.9047619047619048,0.8916354131151267,0.8775358975434475,0.8
45,5,355,715,23,8,4,64,RandomForestClassifier,1472,526,0.35733695652173914,0.9500697936801744,0.95,0.307337,453,0.3077445652173913,8,1.0,1.0,1.0,1.0,1.0,1.0,1.0,0.9835728952772074,0.9024390243902439,0.8809523809523809,0.925,0.9138143176733782,0.8934762399518784,0.8222222222222222,0.9815618221258134,0.9005847953216374,0.8850574712643678,0.9166666666666666,0.9047334924423229,0.8904268556967688,0.8191489361702128
45,5,355,715,23,8,4,64,RandomForestClassifier,1472,526,0.35733695652173914,0.9500697936801744,0.95,0.357337,527,0.3580163043478261,9,1.0,1.0,1.0,1.0,1.0,1.0,1.0,0.9804928131416838,0.8862275449101796,0.8505747126436781,0.925,0.9104586129753915,0.8755798787129045,0.7956989247311828,0.9804772234273319,0.8941176470588236,0.8837209302325582,0.9047619047619048,0.8928287305375611,0.8833665982627273,0.8085106382978723
45,5,355,715,23,8,4,64,RandomForestClassifier,1472,526,0.35733695652173914,0.9500697936801744,0.95,0.407337,600,0.4076086956521739,10,1.0,1.0,1.0,1.0,1.0,1.0,1.0,0.9825462012320328,0.8957055214723927,0.8795180722891566,0.9125,0.901314317673378,0.8861852325373586,0.8111111111111111,0.9804772234273319,0.8941176470588236,0.8837209302325582,0.9047619047619048,0.8928287305375611,0.8833665982627273,0.8085106382978723
45,5,355,715,23,8,4,64,RandomForestClassifier,1472,526,0.35733695652173914,0.9500697936801744,0.95,0.457337,674,0.4578804347826087,11,1.0,1.0,1.0,1.0,1.0,1.0,1.0,0.9794661190965093,0.8795180722891566,0.8488372093023255,0.9125,0.8979586129753914,0.8683107541710609,0.7849462365591398,0.9804772234273319,0.8941176470588236,0.8837209302325582,0.9047619047619048,0.8928287305375611,0.8833665982627273,0.8085106382978723
45,15,345,705,23,8,4,64,RandomForestClassifier,1472,577,0.3919836956521739,0.9501311665611386,0.95,0.291984,430,0.2921195652173913,7,1.0,1.0,1.0,1.0,1.0,1.0,1.0,0.9753593429158111,0.85,0.85,0.85,0.8365771812080536,0.8365771812080537,0.7391304347826086,0.9750542299349241,0.8622754491017964,0.8674698795180723,0.8571428571428571,0.8440163654960791,0.8485610226380061,0.7578947368421053
45,15,345,705,23,8,4,64,RandomForestClassifier,1472,577,0.3919836956521739,0.9501311665611386,0.95,0.341984,504,0.3423913043478261,8,1.0,1.0,1.0,1.0,1.0,1.0,1.0,0.9753593429158111,0.8518518518518519,0.8414634146341463,0.8625,0.8479586129753915,0.8384162357950617,0.7419354838709677,0.9761388286334056,0.872093023255814,0.8522727272727273,0.8928571428571429,0.877344016365496,0.8589429763560501,0.7731958762886598
45,15,345,705,23,8,4,64,RandomForestClassifier,1472,577,0.3919836956521739,0.9501311665611386,0.95,0.391984,578,0.39266304347826086,10,1.0,1.0,1.0,1.0,1.0,1.0,1.0,0.9763860369609856,0.8571428571428571,0.8518518518518519,0.8625,0.8490771812080538,0.8442726653412488,0.75,0.9739696312364425,0.8571428571428571,0.8571428571428571,0.8571428571428571,0.8428230480736447,0.8428230480736447,0.75
45,15,345,705,23,8,4,64,RandomForestClassifier,1472,577,0.3919836956521739,0.9501311665611386,0.95,0.441984,651,0.4422554347826087,11,1.0,1.0,1.0,1.0,1.0,1.0,1.0,0.9774127310061602,0.8641975308641975,0.8536585365853658,0.875,0.8615771812080537,0.8518815494788067,0.7608695652173914,0.9739696312364425,0.8571428571428571,0.8571428571428571,0.8571428571428571,0.8428230480736447,0.8428230480736447,0.75
45,15,345,705,23,8,4,64,RandomForestClassifier,1472,577,0.3919836956521739,0.9501311665611386,0.95,0.491984,725,0.49252717391304346,12,1.0,1.0,1.0,1.0,1.0,1.0,1.0,0.9763860369609856,0.8571428571428571,0.8518518518518519,0.8625,0.8490771812080538,0.8442726653412488,0.75,0.9718004338394793,0.8452380952380952,0.8452380952380952,0.8452380952380952,0.8297249687464485,0.8297249687464484,0.7319587628865979
45,30,330,690,23,8,4,64,RandomForestClassifier,1472,774,0.5258152173913043,0.9500902947624427,0.95,0.425815,627,0.42595108695652173,10,1.0,1.0,1.0,1.0,1.0,1.0,1.0,0.971252566735113,0.8181818181818182,0.8513513513513513,0.7875,0.7751957494407158,0.8025999594661107,0.6923076923076923,0.9718004338394793,0.8452380952380952,0.8452380952380952,0.8452380952380952,0.8297249687464485,0.8297249687464484,0.7319587628865979
45,30,330,690,23,8,4,64,RandomForestClassifier,1472,774,0.5258152173913043,0.9500902947624427,0.95,0.475815,701,0.47622282608695654,11,1.0,1.0,1.0,1.0,1.0,1.0,1.0,0.971252566735113,0.8181818181818182,0.8513513513513513,0.7875,0.7751957494407158,0.8025999594661107,0.6923076923076923,0.9718004338394793,0.8470588235294118,0.8372093023255814,0.8571428571428571,0.840436413228776,0.8315295308239395,0.7346938775510204
45,30,330,690,23,8,4,64,RandomForestClassifier,1472,774,0.5258152173913043,0.9500902947624427,0.95,0.525815,774,0.5258152173913043,13,1.0,1.0,1.0,1.0,1.0,1.0,1.0,0.971252566735113,0.8181818181818182,0.8513513513513513,0.7875,0.7751957494407158,0.8025999594661107,0.6923076923076923,0.9739696312364425,0.8571428571428571,0.8571428571428571,0.8571428571428571,0.8428230480736447,0.8428230480736447,0.75
45,30,330,690,23,8,4,64,RandomForestClassifier,1472,774,0.5258152173913043,0.9500902947624427,0.95,0.575815,848,0.5760869565217391,14,1.0,1.0,1.0,1.0,1.0,1.0,1.0,0.971252566735113,0.8181818181818182,0.8513513513513513,0.7875,0.7751957494407158,0.8025999594661107,0.6923076923076923,0.9739696312364425,0.8571428571428571,0.8571428571428571,0.8571428571428571,0.8428230480736447,0.8428230480736447,0.75
45,30,330,690,23,8,4,64,RandomForestClassifier,1472,774,0.5258152173913043,0.9500902947624427,0.95,0.625815,922,0.626358695652174,15,1.0,1.0,1.0,1.0,1.0,1.0,1.0,0.9722792607802875,0.8258064516129032,0.8533333333333334,0.8,0.787695749440716,0.8107649132906383,0.7032967032967034,0.9761388286334056,0.8690476190476191,0.8690476190476191,0.8690476190476191,0.8559211274008409,0.855921127400841,0.7684210526315789
45,60,300,660,23,8,4,64,RandomForestClassifier,1472,902,0.6127717391304348,0.9501940398429641,0.95,0.512772,755,0.5129076086956522,12,1.0,1.0,1.0,1.0,1.0,1.0,1.0,0.9476386036960985,0.6577181208053692,0.7101449275362319,0.6125,0.5901286353467561,0.6295362677684471,0.49,0.9577006507592191,0.7547169811320755,0.8,0.7142857142857143,0.6963859529491989,0.731652711234496,0.6060606060606061
45,60,300,660,23,8,4,64,RandomForestClassifier,1472,902,0.6127717391304348,0.9501940398429641,0.95,0.562772,829,0.5631793478260869,13,1.0,1.0,1.0,1.0,1.0,1.0,1.0,0.9496919917864476,0.6754966887417219,0.7183098591549296,0.6375,0.615128635346756,0.6483339964926242,0.51,0.9587852494577006,0.759493670886076,0.8108108108108109,0.7142857142857143,0.6975792703716333,0.7370538260634625,0.6122448979591837
45,60,300,660,23,8,4,64,RandomForestClassifier,1472,902,0.6127717391304348,0.9501940398429641,0.95,0.612772,903,0.6134510869565217,15,1.0,1.0,1.0,1.0,1.0,1.0,1.0,0.9486652977412731,0.6666666666666666,0.7142857142857143,0.625,0.6026286353467563,0.6389918458117124,0.5,0.9566160520607375,0.7468354430379747,0.7972972972972973,0.7023809523809523,0.6844811910444368,0.7232145537510132,0.5959595959595959
45,60,300,660,23,8,4,64,RandomForestClassifier,1472,902,0.6127717391304348,0.9501940398429641,0.95,0.662772,976,0.6630434782608695,16,1.0,1.0,1.0,1.0,1.0,1.0,1.0,0.946611909650924,0.6486486486486487,0.7058823529411765,0.6,0.5776286353467561,0.619965183984633,0.48,0.955531453362256,0.7354838709677419,0.8028169014084507,0.6785714285714286,0.6618649846573474,0.7113954589180193,0.5816326530612245
45,60,300,660,23,8,4,64,RandomForestClassifier,1472,902,0.6127717391304348,0.9501940398429641,0.95,0.712772,1050,0.7133152173913043,17,1.0,1.0,1.0,1.0,1.0,1.0,1.0,0.9507186858316222,0.68,0.7285714285714285,0.6375,0.6162472035794182,0.6534321719792439,0.5151515151515151,0.9566160520607375,0.7468354430379747,0.7972972972972973,0.7023809523809523,0.6844811910444368,0.7232145537510132,0.5959595959595959
45,120,240,600,23,8,4,64,RandomForestClassifier,1472,960,0.6521739130434783,0.9501032920227027,0.95,0.552174,813,0.5523097826086957,13,1.0,1.0,1.0,1.0,1.0,1.0,1.0,0.9291581108829569,0.4566929133858268,0.6170212765957447,0.3625,0.3423657718120805,0.4215255900428653,0.29591836734693877,0.928416485900217,0.5074626865671642,0.68,0.40476190476190477,0.3856688260029548,0.4715322888803974,0.34
45,120,240,600,23,8,4,64,RandomForestClassifier,1472,960,0.6521739130434783,0.9501032920227027,0.95,0.602174,887,0.6025815217391305,14,1.0,1.0,1.0,1.0,1.0,1.0,1.0,0.9240246406570842,0.39344262295081966,0.5714285714285714,0.3,0.2798657718120805,0.35708424019695295,0.24489795918367346,0.9240780911062907,0.46153846153846156,0.6521739130434783,0.35714285714285715,0.3380497783839074,0.4244283522990761,0.3
45,120,240,600,23,8,4,64,RandomForestClassifier,1472,960,0.6521739130434783,0.9501032920227027,0.95,0.652174,961,0.6528532608695652,16,1.0,1.0,1.0,1.0,1.0,1.0,1.0,0.9271047227926078,0.432,0.6,0.3375,0.3173657718120806,0.396298559580969,0.2755102040816326,0.9273318872017353,0.48854961832061067,0.6808510638297872,0.38095238095238093,0.36305261961586544,0.4527753662987439,0.32323232323232326
45,120,240,600,23,8,4,64,RandomForestClassifier,1472,960,0.6521739130434783,0.9501032920227027,0.95,0.702174,1034,0.7024456521739131,17,1.0,1.0,1.0,1.0,1.0,1.0,1.0,0.9260780287474333,0.3898305084745763,0.6052631578947368,0.2875,0.27072147651006695,0.35574909050821296,0.24210526315789474,0.9273318872017353,0.48854961832061067,0.6808510638297872,0.38095238095238093,0.36305261961586544,0.4527753662987439,0.32323232323232326
45,120,240,600,23,8,4,64,RandomForestClassifier,1472,960,0.6521739130434783,0.9501032920227027,0.95,0.752174,1108,0.7527173913043478,18,1.0,1.0,1.0,1.0,1.0,1.0,1.0,0.9312114989733059,0.4462809917355372,0.6585365853658537,0.3375,0.3218400447427294,0.4136431433859867,0.2872340425531915,0.9273318872017353,0.49624060150375937,0.673469387755102,0.39285714285714285,0.37376406409819296,0.45998916027064357,0.33
