forecast_lag_min,window_size,top_percent,top_percent_label,total_features_in_window_model,selected_feature_count,selected_feature_fraction,window_model_feature_count_cumimp_gt50,window_model_cumimp_reached_gt50,max_available_coeffs,n_slices,channels
5,45,0.05,5%,1472,74,0.050271739130434784,26,0.5038422820363486,23,8,4
5,45,0.1,10%,1472,148,0.10054347826086957,26,0.5038422820363486,23,8,4
5,45,0.15,15%,1472,221,0.15013586956521738,26,0.5038422820363486,23,8,4
5,45,0.2,20%,1472,295,0.20040760869565216,26,0.5038422820363486,23,8,4
5,45,0.25,25%,1472,368,0.25,26,0.5038422820363486,23,8,4
5,90,0.05,5%,1472,74,0.050271739130434784,31,0.5038905116898045,46,4,4
5,90,0.1,10%,1472,148,0.10054347826086957,31,0.5038905116898045,46,4,4
5,90,0.15,15%,1472,221,0.15013586956521738,31,0.5038905116898045,46,4,4
5,90,0.2,20%,1472,295,0.20040760869565216,31,0.5038905116898045,46,4,4
5,90,0.25,25%,1472,368,0.25,31,0.5038905116898045,46,4,4
5,180,0.05,5%,1456,73,0.05013736263736264,29,0.5101744066696345,91,2,4
5,180,0.1,10%,1456,146,0.10027472527472528,29,0.5101744066696345,91,2,4
5,180,0.15,15%,1456,219,0.1504120879120879,29,0.5101744066696345,91,2,4
5,180,0.2,20%,1456,292,0.20054945054945056,29,0.5101744066696345,91,2,4
5,180,0.25,25%,1456,364,0.25,29,0.5101744066696345,91,2,4
5,360,0.05,5%,1448,73,0.05041436464088398,31,0.5028768269570072,181,1,4
5,360,0.1,10%,1448,145,0.10013812154696132,31,0.5028768269570072,181,1,4
5,360,0.15,15%,1448,218,0.1505524861878453,31,0.5028768269570072,181,1,4
5,360,0.2,20%,1448,290,0.20027624309392264,31,0.5028768269570072,181,1,4
5,360,0.25,25%,1448,362,0.25,31,0.5028768269570072,181,1,4
15,45,0.05,5%,1472,74,0.050271739130434784,29,0.5015870440282512,23,8,4
15,45,0.1,10%,1472,148,0.10054347826086957,29,0.5015870440282512,23,8,4
15,45,0.15,15%,1472,221,0.15013586956521738,29,0.5015870440282512,23,8,4
15,45,0.2,20%,1472,295,0.20040760869565216,29,0.5015870440282512,23,8,4
15,45,0.25,25%,1472,368,0.25,29,0.5015870440282512,23,8,4
15,90,0.05,5%,1472,74,0.050271739130434784,31,0.5018642151816473,46,4,4
15,90,0.1,10%,1472,148,0.10054347826086957,31,0.5018642151816473,46,4,4
15,90,0.15,15%,1472,221,0.15013586956521738,31,0.5018642151816473,46,4,4
15,90,0.2,20%,1472,295,0.20040760869565216,31,0.5018642151816473,46,4,4
15,90,0.25,25%,1472,368,0.25,31,0.5018642151816473,46,4,4
15,180,0.05,5%,1456,73,0.05013736263736264,33,0.5015166611255923,91,2,4
15,180,0.1,10%,1456,146,0.10027472527472528,33,0.5015166611255923,91,2,4
15,180,0.15,15%,1456,219,0.1504120879120879,33,0.5015166611255923,91,2,4
15,180,0.2,20%,1456,292,0.20054945054945056,33,0.5015166611255923,91,2,4
15,180,0.25,25%,1456,364,0.25,33,0.5015166611255923,91,2,4
15,360,0.05,5%,1448,73,0.05041436464088398,48,0.5044379717401462,181,1,4
15,360,0.1,10%,1448,145,0.10013812154696132,48,0.5044379717401462,181,1,4
15,360,0.15,15%,1448,218,0.1505524861878453,48,0.5044379717401462,181,1,4
15,360,0.2,20%,1448,290,0.20027624309392264,48,0.5044379717401462,181,1,4
15,360,0.25,25%,1448,362,0.25,48,0.5044379717401462,181,1,4
30,45,0.05,5%,1472,74,0.050271739130434784,48,0.5009738761842176,23,8,4
30,45,0.1,10%,1472,148,0.10054347826086957,48,0.5009738761842176,23,8,4
30,45,0.15,15%,1472,221,0.15013586956521738,48,0.5009738761842176,23,8,4
30,45,0.2,20%,1472,295,0.20040760869565216,48,0.5009738761842176,23,8,4
30,45,0.25,25%,1472,368,0.25,48,0.5009738761842176,23,8,4
30,90,0.05,5%,1472,74,0.050271739130434784,49,0.5035466138648029,46,4,4
30,90,0.1,10%,1472,148,0.10054347826086957,49,0.5035466138648029,46,4,4
30,90,0.15,15%,1472,221,0.15013586956521738,49,0.5035466138648029,46,4,4
30,90,0.2,20%,1472,295,0.20040760869565216,49,0.5035466138648029,46,4,4
30,90,0.25,25%,1472,368,0.25,49,0.5035466138648029,46,4,4
30,180,0.05,5%,1456,73,0.05013736263736264,47,0.5025794089150639,91,2,4
30,180,0.1,10%,1456,146,0.10027472527472528,47,0.5025794089150639,91,2,4
30,180,0.15,15%,1456,219,0.1504120879120879,47,0.5025794089150639,91,2,4
30,180,0.2,20%,1456,292,0.20054945054945056,47,0.5025794089150639,91,2,4
30,180,0.25,25%,1456,364,0.25,47,0.5025794089150639,91,2,4
30,360,0.05,5%,1448,73,0.05041436464088398,57,0.5030389274561012,181,1,4
30,360,0.1,10%,1448,145,0.10013812154696132,57,0.5030389274561012,181,1,4
30,360,0.15,15%,1448,218,0.1505524861878453,57,0.5030389274561012,181,1,4
30,360,0.2,20%,1448,290,0.20027624309392264,57,0.5030389274561012,181,1,4
30,360,0.25,25%,1448,362,0.25,57,0.5030389274561012,181,1,4
60,45,0.05,5%,1472,74,0.050271739130434784,68,0.5022915537750959,23,8,4
60,45,0.1,10%,1472,148,0.10054347826086957,68,0.5022915537750959,23,8,4
60,45,0.15,15%,1472,221,0.15013586956521738,68,0.5022915537750959,23,8,4
60,45,0.2,20%,1472,295,0.20040760869565216,68,0.5022915537750959,23,8,4
60,45,0.25,25%,1472,368,0.25,68,0.5022915537750959,23,8,4
60,90,0.05,5%,1472,74,0.050271739130434784,59,0.5003140581905934,46,4,4
60,90,0.1,10%,1472,148,0.10054347826086957,59,0.5003140581905934,46,4,4
60,90,0.15,15%,1472,221,0.15013586956521738,59,0.5003140581905934,46,4,4
60,90,0.2,20%,1472,295,0.20040760869565216,59,0.5003140581905934,46,4,4
60,90,0.25,25%,1472,368,0.25,59,0.5003140581905934,46,4,4
60,180,0.05,5%,1456,73,0.05013736263736264,79,0.5020558100780458,91,2,4
60,180,0.1,10%,1456,146,0.10027472527472528,79,0.5020558100780458,91,2,4
60,180,0.15,15%,1456,219,0.1504120879120879,79,0.5020558100780458,91,2,4
60,180,0.2,20%,1456,292,0.20054945054945056,79,0.5020558100780458,91,2,4
60,180,0.25,25%,1456,364,0.25,79,0.5020558100780458,91,2,4
60,360,0.05,5%,1448,73,0.05041436464088398,102,0.5003355591653754,181,1,4
60,360,0.1,10%,1448,145,0.10013812154696132,102,0.5003355591653754,181,1,4
60,360,0.15,15%,1448,218,0.1505524861878453,102,0.5003355591653754,181,1,4
60,360,0.2,20%,1448,290,0.20027624309392264,102,0.5003355591653754,181,1,4
60,360,0.25,25%,1448,362,0.25,102,0.5003355591653754,181,1,4
120,45,0.05,5%,1472,74,0.050271739130434784,107,0.5008576507042259,23,8,4
120,45,0.1,10%,1472,148,0.10054347826086957,107,0.5008576507042259,23,8,4
120,45,0.15,15%,1472,221,0.15013586956521738,107,0.5008576507042259,23,8,4
120,45,0.2,20%,1472,295,0.20040760869565216,107,0.5008576507042259,23,8,4
120,45,0.25,25%,1472,368,0.25,107,0.5008576507042259,23,8,4
120,90,0.05,5%,1472,74,0.050271739130434784,111,0.5004505310833435,46,4,4
120,90,0.1,10%,1472,148,0.10054347826086957,111,0.5004505310833435,46,4,4
120,90,0.15,15%,1472,221,0.15013586956521738,111,0.5004505310833435,46,4,4
120,90,0.2,20%,1472,295,0.20040760869565216,111,0.5004505310833435,46,4,4
120,90,0.25,25%,1472,368,0.25,111,0.5004505310833435,46,4,4
120,180,0.05,5%,1456,73,0.05013736263736264,136,0.5002712322159321,91,2,4
120,180,0.1,10%,1456,146,0.10027472527472528,136,0.5002712322159321,91,2,4
120,180,0.15,15%,1456,219,0.1504120879120879,136,0.5002712322159321,91,2,4
120,180,0.2,20%,1456,292,0.20054945054945056,136,0.5002712322159321,91,2,4
120,180,0.25,25%,1456,364,0.25,136,0.5002712322159321,91,2,4
120,360,0.05,5%,1448,73,0.05041436464088398,150,0.5012648786243339,181,1,4
120,360,0.1,10%,1448,145,0.10013812154696132,150,0.5012648786243339,181,1,4
120,360,0.15,15%,1448,218,0.1505524861878453,150,0.5012648786243339,181,1,4
120,360,0.2,20%,1448,290,0.20027624309392264,150,0.5012648786243339,181,1,4
120,360,0.25,25%,1448,362,0.25,150,0.5012648786243339,181,1,4
